-- phpMyAdmin SQL Dump
-- version 4.9.1
-- https://www.phpmyadmin.net/
--
-- Host: 127.0.0.1
-- Generation Time: Dec 05, 2019 at 03:04 PM
-- Server version: 10.4.8-MariaDB
-- PHP Version: 7.2.23

SET SQL_MODE = "NO_AUTO_VALUE_ON_ZERO";
SET AUTOCOMMIT = 0;
START TRANSACTION;
SET time_zone = "+00:00";


/*!40101 SET @OLD_CHARACTER_SET_CLIENT=@@CHARACTER_SET_CLIENT */;
/*!40101 SET @OLD_CHARACTER_SET_RESULTS=@@CHARACTER_SET_RESULTS */;
/*!40101 SET @OLD_COLLATION_CONNECTION=@@COLLATION_CONNECTION */;
/*!40101 SET NAMES utf8mb4 */;

--
-- Database: `restapi`
--

-- --------------------------------------------------------

--
-- Table structure for table `migrations`
--

CREATE TABLE `migrations` (
  `id` int(10) UNSIGNED NOT NULL,
  `migration` varchar(255) COLLATE utf8mb4_unicode_ci NOT NULL,
  `batch` int(11) NOT NULL
) ENGINE=InnoDB DEFAULT CHARSET=utf8mb4 COLLATE=utf8mb4_unicode_ci;

--
-- Dumping data for table `migrations`
--

INSERT INTO `migrations` (`id`, `migration`, `batch`) VALUES
(1, '2014_10_12_000000_create_users_table', 1),
(2, '2014_10_12_100000_create_password_resets_table', 1),
(3, '2019_12_05_065102_create_products_table', 1),
(4, '2019_12_05_065439_create_reviews_table', 1);

-- --------------------------------------------------------

--
-- Table structure for table `password_resets`
--

CREATE TABLE `password_resets` (
  `email` varchar(255) COLLATE utf8mb4_unicode_ci NOT NULL,
  `token` varchar(255) COLLATE utf8mb4_unicode_ci NOT NULL,
  `created_at` timestamp NULL DEFAULT NULL
) ENGINE=InnoDB DEFAULT CHARSET=utf8mb4 COLLATE=utf8mb4_unicode_ci;

-- --------------------------------------------------------

--
-- Table structure for table `products`
--

CREATE TABLE `products` (
  `id` int(10) UNSIGNED NOT NULL,
  `name` varchar(255) COLLATE utf8mb4_unicode_ci NOT NULL,
  `detail` text COLLATE utf8mb4_unicode_ci NOT NULL,
  `price` int(11) NOT NULL,
  `stock` int(11) NOT NULL,
  `discount` int(11) NOT NULL,
  `created_at` timestamp NULL DEFAULT NULL,
  `updated_at` timestamp NULL DEFAULT NULL
) ENGINE=InnoDB DEFAULT CHARSET=utf8mb4 COLLATE=utf8mb4_unicode_ci;

--
-- Dumping data for table `products`
--

INSERT INTO `products` (`id`, `name`, `detail`, `price`, `stock`, `discount`, `created_at`, `updated_at`) VALUES
(1, 'veritatis', 'Nobis sit est voluptas consectetur ipsam. Quod ut est in omnis sed.', 483, 6, 26, '2019-12-05 07:59:18', '2019-12-05 07:59:18'),
(2, 'enim', 'Dolores debitis dolorem esse ipsa. Labore est aspernatur beatae alias dolore placeat. Velit unde quidem aliquam reprehenderit sit.', 240, 6, 11, '2019-12-05 07:59:18', '2019-12-05 07:59:18'),
(3, 'delectus', 'Aliquam aut voluptas quam expedita. Totam voluptatibus enim excepturi ipsam dolores deleniti. Quod quis labore vel est. Similique distinctio quis autem dicta.', 724, 7, 7, '2019-12-05 07:59:18', '2019-12-05 07:59:18'),
(4, 'aut', 'Nostrum eaque vero modi tempora voluptatem et explicabo. Itaque et sed eligendi est. Et natus eum excepturi laborum quas inventore id. Numquam vel laboriosam qui.', 290, 4, 23, '2019-12-05 07:59:18', '2019-12-05 07:59:18'),
(5, 'esse', 'Quidem et dolorum delectus eligendi ratione. Iure similique odit repudiandae maiores dolor quasi. Numquam aliquam dolorum temporibus ab modi. Velit sint voluptatem reprehenderit quaerat.', 630, 8, 4, '2019-12-05 07:59:18', '2019-12-05 07:59:18'),
(6, 'rerum', 'Veniam eaque earum consequatur et. Laboriosam cum laborum doloremque ipsum velit et iusto. In eos necessitatibus dolores quis aliquam cumque.', 610, 3, 25, '2019-12-05 07:59:18', '2019-12-05 07:59:18'),
(7, 'est', 'Itaque cupiditate rerum sed aut omnis nemo sapiente. Doloremque placeat perferendis ipsa beatae.', 285, 9, 29, '2019-12-05 07:59:18', '2019-12-05 07:59:18'),
(8, 'voluptatibus', 'Quia nemo quos vero sit qui occaecati. Doloribus aut odit enim natus voluptatem. Quidem et est blanditiis. Omnis ullam quod velit cumque labore qui velit nihil. Est quidem aspernatur et eius.', 973, 6, 25, '2019-12-05 07:59:18', '2019-12-05 07:59:18'),
(9, 'qui', 'Ex nulla qui voluptatem laudantium ut. In quia totam amet recusandae molestiae cupiditate. Quia architecto eius provident harum facilis. Eaque ad sed eligendi laudantium facilis.', 622, 4, 24, '2019-12-05 07:59:18', '2019-12-05 07:59:18'),
(10, 'quaerat', 'Ut repudiandae et fugiat enim. Harum sed quia neque voluptate deleniti. Fugit nemo odit recusandae natus repellendus.', 427, 0, 5, '2019-12-05 07:59:18', '2019-12-05 07:59:18'),
(11, 'non', 'Maiores possimus quia et iusto. Repellat rerum ducimus qui ad suscipit facere consequatur exercitationem. Accusamus quisquam enim totam in quos eius. Similique distinctio tempore eius minus rerum.', 943, 8, 25, '2019-12-05 07:59:18', '2019-12-05 07:59:18'),
(12, 'qui', 'Ad nam hic aspernatur qui. Nam quam reprehenderit laboriosam quibusdam iste. Adipisci eligendi eum corporis quidem. Id aliquid architecto non voluptas at. Aliquid quos tempora sed aspernatur enim.', 819, 0, 18, '2019-12-05 07:59:18', '2019-12-05 07:59:18'),
(13, 'mollitia', 'Magnam optio aut natus optio debitis ut. Qui explicabo ducimus vel. Rerum suscipit tenetur nesciunt ut recusandae beatae quia. At laboriosam ut aut repudiandae rem iste.', 693, 8, 6, '2019-12-05 07:59:18', '2019-12-05 07:59:18'),
(14, 'consectetur', 'Sunt cupiditate facilis odit ipsa. Non et fugiat unde esse ipsam. Recusandae velit officiis molestias numquam eligendi.', 861, 5, 23, '2019-12-05 07:59:18', '2019-12-05 07:59:18'),
(15, 'ut', 'Esse itaque voluptatibus natus molestias qui cum qui qui. Nisi explicabo voluptate unde dolorum et voluptas dignissimos. Explicabo aperiam eum enim veritatis quibusdam sapiente repudiandae.', 130, 1, 11, '2019-12-05 07:59:18', '2019-12-05 07:59:18'),
(16, 'suscipit', 'Ut optio sequi rerum sed tenetur expedita soluta. Porro et explicabo ab et ducimus ut aspernatur temporibus. Qui nam laboriosam aut itaque.', 917, 8, 7, '2019-12-05 07:59:18', '2019-12-05 07:59:18'),
(17, 'quibusdam', 'Sed optio facere ut voluptas quam ut. Accusamus omnis at qui cumque ut officiis eos recusandae. Molestias eveniet vel non explicabo dolores error. Et ut inventore repellendus autem aliquid ab laborum aut.', 301, 1, 18, '2019-12-05 07:59:18', '2019-12-05 07:59:18'),
(18, 'beatae', 'Sint magnam omnis vel quas deleniti illum et. Ad necessitatibus facere dolorem sunt. Hic aspernatur tenetur distinctio esse sunt natus distinctio doloremque.', 880, 6, 25, '2019-12-05 07:59:18', '2019-12-05 07:59:18'),
(19, 'fuga', 'Dicta sit ea qui et enim minima. Aut enim dicta nemo. Autem est ut laudantium.', 812, 0, 9, '2019-12-05 07:59:18', '2019-12-05 07:59:18'),
(20, 'ab', 'Ipsa ut vel laudantium dolor in eaque. Aperiam pariatur itaque amet similique cumque quis. Id tenetur voluptas qui nulla.', 220, 7, 25, '2019-12-05 07:59:18', '2019-12-05 07:59:18'),
(21, 'suscipit', 'Eos aliquam debitis vel eligendi ipsum enim occaecati. Labore et sunt voluptates non quisquam iste doloribus.', 684, 7, 17, '2019-12-05 07:59:18', '2019-12-05 07:59:18'),
(22, 'ducimus', 'Rerum hic et esse sit. Et soluta aliquid reprehenderit consequuntur sint. Nostrum quo fugit corporis dolorem velit et.', 195, 2, 23, '2019-12-05 07:59:18', '2019-12-05 07:59:18'),
(23, 'sequi', 'Eaque placeat omnis impedit eaque est sequi voluptas. Ad fugit libero nulla eveniet reprehenderit. Nostrum magnam nam beatae in. Non nam repellendus non vitae dolor.', 871, 8, 18, '2019-12-05 07:59:18', '2019-12-05 07:59:18'),
(24, 'dolorem', 'Aut expedita id et doloribus. Itaque dolor occaecati quae qui. Est perspiciatis molestiae a eos laudantium ut. Reiciendis fuga distinctio voluptas molestiae cupiditate.', 309, 4, 4, '2019-12-05 07:59:18', '2019-12-05 07:59:18'),
(25, 'iusto', 'Labore perferendis porro ut. Natus asperiores impedit dolore voluptatem. Accusantium officia laudantium eos quam commodi.', 867, 6, 4, '2019-12-05 07:59:18', '2019-12-05 07:59:18'),
(26, 'mollitia', 'Tempora ex possimus velit esse aut aliquid est. Hic veniam facilis rerum explicabo. Quae fugit illum alias ex inventore architecto.', 811, 5, 7, '2019-12-05 07:59:18', '2019-12-05 07:59:18'),
(27, 'esse', 'Repudiandae voluptatem aut beatae nulla. Rerum esse quisquam dolores placeat sint dolor similique. Est fuga pariatur voluptate quia. Est commodi harum deleniti ea accusantium non id.', 115, 7, 16, '2019-12-05 07:59:18', '2019-12-05 07:59:18'),
(28, 'architecto', 'Praesentium excepturi aliquam esse officiis voluptatem eius fugit. Aspernatur rerum eos et. Laboriosam placeat ratione vel eos. At autem expedita animi iste.', 796, 9, 3, '2019-12-05 07:59:18', '2019-12-05 07:59:18'),
(29, 'mollitia', 'Et eum nihil ut voluptas exercitationem beatae similique. Minima et quae qui neque ea et. Labore aut commodi et repudiandae velit accusantium placeat.', 767, 7, 3, '2019-12-05 07:59:18', '2019-12-05 07:59:18'),
(30, 'illum', 'Delectus voluptas et corporis. Vel est occaecati beatae similique alias autem. Necessitatibus eligendi praesentium recusandae. Cumque fugiat odit a dolor.', 360, 6, 18, '2019-12-05 07:59:18', '2019-12-05 07:59:18'),
(31, 'sunt', 'Temporibus consequatur similique vero velit sint sapiente et. Odio vel quae quisquam laborum eum ut. Inventore esse ipsam dolores qui. Occaecati earum fuga animi qui consequuntur omnis aspernatur quam.', 403, 3, 6, '2019-12-05 07:59:18', '2019-12-05 07:59:18'),
(32, 'minima', 'Molestiae quo perferendis itaque assumenda amet. Ut quia aliquid ea aut. Similique rerum et deserunt placeat.', 344, 3, 17, '2019-12-05 07:59:18', '2019-12-05 07:59:18'),
(33, 'officia', 'Non quis numquam voluptatem omnis ducimus beatae ut. Delectus dicta facilis culpa mollitia. Inventore blanditiis velit ea. Harum repudiandae id voluptas quo molestias quia. Corporis sunt consequatur alias fugiat modi facere delectus ut.', 672, 0, 7, '2019-12-05 07:59:18', '2019-12-05 07:59:18'),
(34, 'et', 'Ad aut autem corporis similique magni nihil blanditiis. Nostrum molestiae corporis in odit qui sunt. Repellendus illum ex eum earum voluptatem odit laboriosam. Et iusto et odio labore et voluptas doloremque.', 218, 9, 14, '2019-12-05 07:59:18', '2019-12-05 07:59:18'),
(35, 'assumenda', 'Aspernatur aut velit corrupti reiciendis. Voluptatibus minus consectetur soluta iusto omnis. Est voluptas omnis ipsum eligendi possimus pariatur omnis.', 150, 7, 20, '2019-12-05 07:59:18', '2019-12-05 07:59:18'),
(36, 'aut', 'Tenetur aut nemo enim laboriosam facilis cupiditate repellendus. Aperiam possimus fuga in similique voluptatem ut. Ut praesentium dolores aut quo officiis ducimus. Incidunt illo delectus atque velit quidem qui. Sequi nesciunt itaque eos fugit ut impedit.', 974, 1, 11, '2019-12-05 07:59:18', '2019-12-05 07:59:18'),
(37, 'quis', 'Modi perferendis qui odio labore. Ducimus accusamus enim officia. In aut natus vel nihil.', 724, 8, 22, '2019-12-05 07:59:18', '2019-12-05 07:59:18'),
(38, 'est', 'Expedita iusto qui ut. Laborum quidem dolor quasi sint praesentium aut. Neque est repellat nisi minus autem consequatur omnis.', 640, 6, 5, '2019-12-05 07:59:18', '2019-12-05 07:59:18'),
(39, 'vel', 'Molestiae sint ratione vero. In qui tenetur possimus consequuntur. Dolores est veniam perspiciatis et nostrum. Voluptas fuga dolore reprehenderit et.', 869, 1, 6, '2019-12-05 07:59:18', '2019-12-05 07:59:18'),
(40, 'eveniet', 'Maiores quos corrupti cupiditate sed aliquid atque. Voluptatem quo error nam consequuntur accusantium quae ut aut. Qui assumenda porro et unde. Omnis praesentium dolor sequi.', 758, 4, 8, '2019-12-05 07:59:18', '2019-12-05 07:59:18'),
(41, 'omnis', 'Possimus voluptatem qui est ut. Recusandae ea labore in voluptate nam. Provident doloremque aliquid eligendi culpa eum eligendi est. Voluptas est corrupti quo. Quod rem alias excepturi consequatur et enim facere.', 943, 1, 17, '2019-12-05 07:59:18', '2019-12-05 07:59:18'),
(42, 'dolores', 'Dolores expedita optio tempora et quae. Tempora odit ipsum et. Eius optio aliquid repellendus omnis perferendis fugit eos. Facere et tempora mollitia reiciendis vero. Officiis consequatur cum ut voluptatum repellat non.', 876, 1, 20, '2019-12-05 07:59:18', '2019-12-05 07:59:18'),
(43, 'sit', 'Aut aut consequuntur rerum non. Iure sint sequi eos. Molestiae saepe ea distinctio harum et qui. Iste ex et fugiat veniam excepturi quas.', 827, 8, 24, '2019-12-05 07:59:18', '2019-12-05 07:59:18'),
(44, 'nobis', 'Ea dolor voluptatem quidem ut. Qui ut non quisquam sed at officia pariatur. Ea delectus explicabo unde doloremque voluptatem quis vitae aut. Officia et nesciunt cum sit vitae adipisci.', 595, 2, 3, '2019-12-05 07:59:18', '2019-12-05 07:59:18'),
(45, 'et', 'Ea ipsa fuga alias dolorum est quas sint. Dolorem aut hic ut aut labore. Non omnis voluptas voluptas.', 863, 5, 27, '2019-12-05 07:59:18', '2019-12-05 07:59:18'),
(46, 'magnam', 'Aut aut rerum consequatur iure. Ad consequatur dolore odio labore sapiente sed vero. Id eos dolorum rerum nisi excepturi. Quo quis perspiciatis quibusdam et.', 708, 9, 23, '2019-12-05 07:59:18', '2019-12-05 07:59:18'),
(47, 'consequatur', 'Voluptatem expedita nihil omnis laudantium. Dolores facilis dicta exercitationem natus. Ratione cum eveniet corrupti deserunt.', 600, 5, 28, '2019-12-05 07:59:18', '2019-12-05 07:59:18'),
(48, 'neque', 'Dolorem laudantium voluptatibus laborum voluptate saepe. Sunt tenetur voluptatum omnis voluptatum vero eum unde.', 121, 0, 5, '2019-12-05 07:59:18', '2019-12-05 07:59:18'),
(49, 'est', 'Et et quo facere ut excepturi. Omnis id sit corrupti necessitatibus consequatur nihil error nemo. Consectetur quae sint vel facere molestias. Ipsam quis culpa possimus nam. Veniam voluptatum fugiat et laborum recusandae est quasi.', 528, 0, 27, '2019-12-05 07:59:18', '2019-12-05 07:59:18'),
(50, 'perferendis', 'Et ipsam impedit magni ipsa saepe ducimus. Consequuntur fugiat enim asperiores quia culpa et sunt aut. Voluptatem ab voluptate impedit dolore.', 623, 9, 25, '2019-12-05 07:59:18', '2019-12-05 07:59:18'),
(51, 'eos', 'Voluptatem odit voluptatum quo culpa voluptate aut excepturi non. Molestiae quasi soluta culpa doloremque. Rem quasi dolore voluptatem assumenda tenetur beatae.', 393, 3, 12, '2019-12-05 08:00:56', '2019-12-05 08:00:56'),
(52, 'ipsum', 'Laborum vero aut voluptatibus accusamus. Sapiente sed id excepturi quam dolor. Cumque quae et animi. In molestiae iste ipsam aut.', 158, 3, 29, '2019-12-05 08:00:56', '2019-12-05 08:00:56'),
(53, 'incidunt', 'Assumenda ea placeat voluptas et voluptatem sequi tenetur. Quas rerum debitis harum est maxime repellat unde optio. Autem ipsam doloribus qui suscipit similique.', 634, 8, 13, '2019-12-05 08:00:56', '2019-12-05 08:00:56'),
(54, 'labore', 'Libero nobis est earum adipisci accusantium in aut. Tempora assumenda sed nihil ad quisquam aperiam ab. Vel nulla enim maiores quas voluptas. Perferendis aperiam aut sequi nobis sed.', 121, 2, 13, '2019-12-05 08:00:56', '2019-12-05 08:00:56'),
(55, 'ullam', 'Et incidunt quae officia mollitia repudiandae voluptatem cumque quo. Distinctio aut expedita saepe cumque omnis voluptatum ut. Tempora maxime qui distinctio repudiandae non expedita.', 246, 8, 9, '2019-12-05 08:00:56', '2019-12-05 08:00:56'),
(56, 'quam', 'Sed cum asperiores quis voluptatem sunt praesentium. Quia ipsum alias mollitia. Voluptas reprehenderit ipsam voluptatum voluptas. Temporibus nemo quas explicabo distinctio ea ut laborum. Iste est quas eius dolorum aut quia et.', 186, 6, 12, '2019-12-05 08:00:56', '2019-12-05 08:00:56'),
(57, 'dolor', 'Et assumenda sit aliquam minima pariatur. Dolorem a unde repellendus. Quia quis illum dolor provident omnis necessitatibus et.', 138, 1, 13, '2019-12-05 08:00:56', '2019-12-05 08:00:56'),
(58, 'ut', 'Consequatur quia ullam omnis sit in. Porro ipsum minus corrupti sequi aperiam eum. Debitis sint molestiae quod numquam ut. Molestiae laborum ab veritatis quo.', 320, 6, 4, '2019-12-05 08:00:56', '2019-12-05 08:00:56'),
(59, 'natus', 'Id commodi modi sed pariatur. Id laudantium sint sequi qui et. A placeat aut placeat veritatis sapiente.', 915, 3, 18, '2019-12-05 08:00:56', '2019-12-05 08:00:56'),
(60, 'est', 'Distinctio ad vitae occaecati libero ut. Sint error debitis non explicabo aut eius. Voluptatum facere autem in vitae consequatur.', 544, 6, 8, '2019-12-05 08:00:56', '2019-12-05 08:00:56'),
(61, 'doloribus', 'Ipsa a nesciunt esse dolore quibusdam. Qui reprehenderit ut amet. Non non voluptate inventore ipsa sit. Corporis architecto animi officiis et et suscipit.', 159, 7, 30, '2019-12-05 08:00:56', '2019-12-05 08:00:56'),
(62, 'hic', 'Tempora quia debitis beatae non quia consequatur. Quae reiciendis laboriosam voluptatem animi quis. Ut illo odit sint. Soluta ut aut officia et quasi.', 400, 7, 30, '2019-12-05 08:00:56', '2019-12-05 08:00:56'),
(63, 'quia', 'Corporis expedita nemo consequatur ducimus. Sint molestiae dolor sed aliquam qui. Magnam voluptatum recusandae nam cumque non enim excepturi aut.', 830, 6, 9, '2019-12-05 08:00:57', '2019-12-05 08:00:57'),
(64, 'rerum', 'Autem dolorem enim minima ut. Provident aut sequi earum nobis consectetur rerum. Possimus omnis qui quos id beatae aut vel.', 921, 9, 4, '2019-12-05 08:00:57', '2019-12-05 08:00:57'),
(65, 'fugiat', 'Atque laborum molestiae sapiente harum quidem et. Id molestias deleniti sint voluptatibus voluptas omnis.', 465, 6, 26, '2019-12-05 08:00:57', '2019-12-05 08:00:57'),
(66, 'et', 'Fuga sit sit nihil similique ea quo qui sed. Nam distinctio voluptate et ad maxime. Temporibus vitae facilis minima iusto. Ea sint nesciunt repellat nesciunt. Aliquid nostrum quisquam eveniet totam.', 503, 9, 5, '2019-12-05 08:00:57', '2019-12-05 08:00:57'),
(67, 'aut', 'Tempora est officia unde maiores nihil perferendis quod assumenda. Beatae dolores dolorem saepe omnis. Ut ut eum molestiae ut voluptas.', 673, 9, 13, '2019-12-05 08:00:57', '2019-12-05 08:00:57'),
(68, 'ut', 'Quis tenetur repellat voluptate. Nesciunt molestiae ea optio in iure suscipit molestias. Quos eius quis eveniet nemo et nesciunt.', 460, 6, 24, '2019-12-05 08:00:57', '2019-12-05 08:00:57'),
(69, 'delectus', 'Atque odio minima eius deleniti vero debitis. Praesentium et aperiam eligendi. Perspiciatis dolorem quas et temporibus et. Optio est assumenda quia voluptas.', 129, 1, 23, '2019-12-05 08:00:57', '2019-12-05 08:00:57'),
(70, 'quo', 'Minus voluptatem et aut quos aut sint. Numquam est magnam omnis ut. Quasi eos vero eum ipsum eum recusandae aut molestiae. Et cum veniam sapiente voluptas qui odit.', 854, 3, 18, '2019-12-05 08:00:57', '2019-12-05 08:00:57'),
(71, 'nam', 'Laboriosam necessitatibus officiis consectetur culpa eum et. Quo alias ut sed dolores iure aut inventore. Quia ut quia et reprehenderit. Dolorem nihil saepe sunt quis inventore.', 500, 4, 5, '2019-12-05 08:00:57', '2019-12-05 08:00:57'),
(72, 'facilis', 'Odio et fugiat praesentium impedit voluptatibus. Quisquam veritatis incidunt magni sint asperiores nostrum dolorum.', 263, 9, 30, '2019-12-05 08:00:57', '2019-12-05 08:00:57'),
(73, 'perspiciatis', 'Dolores recusandae aut est aperiam animi et fuga. Fugit qui minus expedita sed doloribus rem totam. Et nihil quo ipsa ratione et. Placeat cupiditate ipsam tempore et ab quis eum.', 847, 3, 10, '2019-12-05 08:00:57', '2019-12-05 08:00:57'),
(74, 'possimus', 'Sit aut natus eius et esse. Illo aut dolores nesciunt voluptatem. Accusamus autem necessitatibus sed odio aut suscipit. Vel ab commodi cum provident sunt voluptas repudiandae error.', 657, 2, 8, '2019-12-05 08:00:57', '2019-12-05 08:00:57'),
(75, 'deleniti', 'Est aliquam qui ratione voluptate beatae quasi. Minima amet quo officiis et dolorum ipsa. Architecto ut et omnis ipsa.', 563, 2, 24, '2019-12-05 08:00:57', '2019-12-05 08:00:57'),
(76, 'ea', 'Omnis dignissimos quos velit quod enim quis. Est hic beatae ab hic ea laborum sed. In iure eum nesciunt. Quos vel et numquam dolores sit earum. Nihil et doloremque quos dignissimos nesciunt.', 640, 2, 26, '2019-12-05 08:00:57', '2019-12-05 08:00:57'),
(77, 'rerum', 'Est esse voluptatem harum suscipit quia recusandae. Neque ut et temporibus qui a et. Corporis nobis porro explicabo iusto natus soluta. Vel officiis aut quasi quia illo ducimus quibusdam.', 314, 7, 5, '2019-12-05 08:00:57', '2019-12-05 08:00:57'),
(78, 'non', 'Animi dicta qui laborum ea. Aut autem quas qui ea qui quia veniam. Et sint consequuntur labore error magnam minus. Quia quos id neque ad consequatur id commodi. Reprehenderit sit quaerat ut quasi et dignissimos.', 562, 4, 21, '2019-12-05 08:00:57', '2019-12-05 08:00:57'),
(79, 'recusandae', 'Sed perspiciatis atque debitis autem ipsum. Vitae unde quia eum ad consequatur consectetur. Dolore ut nam consequatur dolore pariatur consequatur. Accusantium quo temporibus molestiae aut natus voluptates.', 643, 9, 25, '2019-12-05 08:00:57', '2019-12-05 08:00:57'),
(80, 'qui', 'Excepturi commodi quibusdam nisi eum optio tempora. Dolorem voluptatem rerum assumenda est voluptatem. Incidunt sed animi sed ut natus. Blanditiis esse voluptatem aut dolorem saepe ea. Sit porro possimus dolor aut dolores quod.', 266, 5, 23, '2019-12-05 08:00:57', '2019-12-05 08:00:57'),
(81, 'sunt', 'Totam corporis sunt harum quaerat voluptatem. Qui quod magni ipsam quae consequuntur amet. Omnis facilis incidunt quasi. Saepe modi ad est tenetur eius reprehenderit quibusdam.', 962, 9, 12, '2019-12-05 08:00:57', '2019-12-05 08:00:57'),
(82, 'quo', 'In tempora vel qui beatae totam quos eligendi. Nihil sed tempora provident eveniet earum. Explicabo consequatur eos laudantium aut amet accusamus in. Voluptatibus provident dolores ea aut esse sapiente.', 157, 0, 17, '2019-12-05 08:00:57', '2019-12-05 08:00:57'),
(83, 'non', 'Sint consequatur ipsa sapiente atque tenetur. Animi aliquam quis consequuntur dolores quos. Mollitia quis est architecto.', 194, 7, 13, '2019-12-05 08:00:57', '2019-12-05 08:00:57'),
(84, 'quibusdam', 'Maxime hic quia aspernatur ducimus necessitatibus. Iusto modi quod enim quis. Culpa rerum sit pariatur qui.', 576, 7, 14, '2019-12-05 08:00:57', '2019-12-05 08:00:57'),
(85, 'optio', 'Sit expedita aut eaque omnis incidunt. A minus beatae ducimus placeat occaecati. Quae voluptatem quia nulla necessitatibus et voluptates rerum.', 314, 3, 5, '2019-12-05 08:00:57', '2019-12-05 08:00:57'),
(86, 'eos', 'Consectetur eveniet distinctio maxime blanditiis dolor qui laboriosam. Tenetur fugit est optio.', 583, 2, 13, '2019-12-05 08:00:57', '2019-12-05 08:00:57'),
(87, 'eveniet', 'Numquam cupiditate quos est delectus possimus nam voluptas. Quasi quia magni et consequatur. Explicabo neque asperiores blanditiis. Debitis nihil quia accusantium quo.', 771, 4, 5, '2019-12-05 08:00:57', '2019-12-05 08:00:57'),
(88, 'voluptatem', 'Dolores ex error ea voluptas. Nobis sit ratione iusto ea nihil. In corporis nihil voluptates et officiis. Ad atque rerum eveniet reiciendis accusantium.', 668, 3, 20, '2019-12-05 08:00:57', '2019-12-05 08:00:57'),
(89, 'blanditiis', 'Qui est voluptas consequatur rerum omnis assumenda. Maiores ut officia voluptatum nemo ad et. Aut aut rerum fugit quis doloremque nihil.', 188, 7, 25, '2019-12-05 08:00:57', '2019-12-05 08:00:57'),
(90, 'qui', 'Id minima quis reprehenderit voluptas tempora et. Placeat at et vel soluta quibusdam tempore. Possimus praesentium aut explicabo distinctio. Quis natus quibusdam deleniti sed neque.', 852, 1, 20, '2019-12-05 08:00:57', '2019-12-05 08:00:57'),
(91, 'inventore', 'Magni illo doloribus nisi deserunt. Ex accusantium deserunt autem. Quod labore non modi illo qui aut vero eaque. Quia adipisci vel vel sequi assumenda.', 984, 7, 22, '2019-12-05 08:00:57', '2019-12-05 08:00:57'),
(92, 'ut', 'Qui ut ea qui consectetur et. Voluptatibus illo nostrum ipsa earum omnis. Assumenda et optio saepe aut doloremque voluptatem facilis aut.', 646, 1, 18, '2019-12-05 08:00:57', '2019-12-05 08:00:57'),
(93, 'atque', 'Nobis id molestiae ipsa dolor. Nihil ex voluptatibus libero. Aliquam earum et laborum ducimus et ut aut. Eos odio minus sit cupiditate impedit velit.', 141, 1, 12, '2019-12-05 08:00:57', '2019-12-05 08:00:57'),
(94, 'ullam', 'Minima voluptate voluptatem voluptatem aspernatur. Itaque cupiditate qui dignissimos beatae ut praesentium reiciendis.', 772, 9, 7, '2019-12-05 08:00:57', '2019-12-05 08:00:57'),
(95, 'vel', 'Voluptas cumque excepturi voluptas corporis nobis. Dolores ut maiores rerum molestias inventore sed rerum. Dolores eaque id iusto vero est consequatur. Sunt veniam consequatur earum non quia.', 543, 8, 30, '2019-12-05 08:00:57', '2019-12-05 08:00:57'),
(96, 'magnam', 'Nostrum quia quia aut ullam at. Ullam maxime dolores sapiente quo nemo quam. Dolorem et illum qui provident ipsam fuga inventore. Sunt accusantium laudantium placeat suscipit in explicabo.', 855, 7, 15, '2019-12-05 08:00:57', '2019-12-05 08:00:57'),
(97, 'at', 'Pariatur inventore quam est qui a aperiam. Impedit vel enim repellendus dicta aliquid quia amet. In ipsum laudantium rerum officiis tempore nisi.', 248, 7, 17, '2019-12-05 08:00:57', '2019-12-05 08:00:57'),
(98, 'nihil', 'Sequi vel reprehenderit sit doloremque consectetur repudiandae velit sit. Dolores qui consequatur quis ut eveniet distinctio. Est iure deleniti sed minus eligendi. Eos exercitationem harum eum at praesentium deserunt eius.', 607, 5, 20, '2019-12-05 08:00:57', '2019-12-05 08:00:57'),
(99, 'fugiat', 'Architecto consequatur quia unde illum ut quia occaecati. Nam est rem ipsum ut est sed voluptatum vitae. Exercitationem eos suscipit qui debitis odio dolores. Blanditiis id vel corrupti quis atque consequuntur earum.', 614, 9, 26, '2019-12-05 08:00:57', '2019-12-05 08:00:57'),
(100, 'corrupti', 'Veniam voluptatem aut rerum eos sit sunt veniam. Sunt laborum laudantium sint rem ab molestias. Enim possimus dolorem impedit omnis dolorem repudiandae dicta et. Voluptatem sapiente et et impedit voluptatem ipsa possimus.', 878, 6, 29, '2019-12-05 08:00:57', '2019-12-05 08:00:57');

-- --------------------------------------------------------

--
-- Table structure for table `reviews`
--

CREATE TABLE `reviews` (
  `id` int(10) UNSIGNED NOT NULL,
  `product_id` int(10) UNSIGNED NOT NULL,
  `customer` varchar(255) COLLATE utf8mb4_unicode_ci NOT NULL,
  `review` text COLLATE utf8mb4_unicode_ci NOT NULL,
  `star` int(11) NOT NULL,
  `created_at` timestamp NULL DEFAULT NULL,
  `updated_at` timestamp NULL DEFAULT NULL
) ENGINE=InnoDB DEFAULT CHARSET=utf8mb4 COLLATE=utf8mb4_unicode_ci;

--
-- Dumping data for table `reviews`
--

INSERT INTO `reviews` (`id`, `product_id`, `customer`, `review`, `star`, `created_at`, `updated_at`) VALUES
(1, 23, 'Stewart Hand', 'Qui dolor et est odio dolor. Sed et necessitatibus aut unde. Numquam quo modi perferendis odit ullam. Voluptatem tenetur dolor distinctio voluptatem incidunt.', 0, '2019-12-05 08:00:57', '2019-12-05 08:00:57'),
(2, 48, 'Hope Metz', 'Dolores cumque dolore vel porro iste. Ratione debitis quidem in. Veritatis et fugit debitis eius et. Corrupti aliquid molestias perspiciatis nesciunt ratione voluptatem culpa.', 1, '2019-12-05 08:00:57', '2019-12-05 08:00:57'),
(3, 46, 'Mrs. Talia Dare I', 'Ad necessitatibus ut deserunt in maiores quaerat eos. Doloribus blanditiis inventore alias ut harum accusantium.', 5, '2019-12-05 08:00:57', '2019-12-05 08:00:57'),
(4, 63, 'Lucinda Macejkovic', 'Officia sed consequatur et dolorum dolores quidem ducimus. Qui cumque quibusdam sunt architecto deleniti dicta nostrum. Quia ad id voluptatibus. Et cupiditate ex quam magnam rem eius.', 3, '2019-12-05 08:00:57', '2019-12-05 08:00:57'),
(5, 3, 'Dr. Glen Hand IV', 'Architecto cupiditate nisi sed illum est et. In a recusandae molestiae iste voluptate. Ut et velit magnam maxime sed. Laudantium explicabo ea laboriosam vero enim similique culpa. Facilis natus debitis nihil nemo fugit nostrum.', 0, '2019-12-05 08:00:57', '2019-12-05 08:00:57'),
(6, 73, 'Mrs. Freida Lebsack MD', 'Aut laudantium recusandae mollitia magnam necessitatibus facere veritatis numquam. Cumque expedita debitis sequi voluptatibus. Eaque itaque iure magni sunt nisi sit.', 4, '2019-12-05 08:00:57', '2019-12-05 08:00:57'),
(7, 3, 'Mr. Grant Johns Jr.', 'Odio fugit et minima sunt aut velit deserunt velit. Ut nulla quis tenetur reprehenderit. Nihil sit rerum eos voluptatum laudantium. Labore illo esse odio.', 2, '2019-12-05 08:00:57', '2019-12-05 08:00:57'),
(8, 54, 'Ms. Anabel Donnelly', 'Vel at voluptatem quam fuga voluptas rerum ea. Voluptas et labore harum quisquam laboriosam quisquam. Voluptatibus est aut veniam voluptates explicabo nesciunt nisi sunt. Exercitationem necessitatibus vitae velit aspernatur enim similique.', 1, '2019-12-05 08:00:58', '2019-12-05 08:00:58'),
(9, 56, 'Rose Hilpert', 'Pariatur vel et non. Quibusdam eos qui est quas.', 2, '2019-12-05 08:00:58', '2019-12-05 08:00:58'),
(10, 31, 'Aylin Blick', 'Aliquam tempore alias dolores quia modi repudiandae quisquam. Omnis mollitia quo quia quo aliquid exercitationem beatae. Dolore repudiandae et id magni qui non soluta.', 1, '2019-12-05 08:00:58', '2019-12-05 08:00:58'),
(11, 79, 'Orie Vandervort', 'Et et rem nemo ab id nam laudantium fuga. Nobis ipsam necessitatibus ut. Eligendi voluptate ullam ratione illo. Minus reiciendis ut eligendi alias quaerat. Sint soluta impedit totam in.', 5, '2019-12-05 08:00:58', '2019-12-05 08:00:58'),
(12, 16, 'Mason Abshire', 'Quo sint nostrum eaque numquam assumenda sunt qui. Assumenda sunt occaecati ipsum molestiae voluptas tempore sit eos. Explicabo saepe aut vel. Quibusdam consequatur fuga rerum labore quisquam consequatur.', 1, '2019-12-05 08:00:58', '2019-12-05 08:00:58'),
(13, 46, 'Hank Jast', 'Et laborum sed rerum velit maxime. Asperiores facilis beatae sed vel occaecati quibusdam. Ut tempore ut rerum voluptas.', 0, '2019-12-05 08:00:58', '2019-12-05 08:00:58'),
(14, 74, 'Elmer Wiza', 'Ex dolorum et vero esse similique. Ipsa occaecati aut et aliquam voluptas. Maxime nesciunt explicabo architecto reiciendis hic.', 5, '2019-12-05 08:00:58', '2019-12-05 08:00:58'),
(15, 13, 'Etha Cartwright', 'Et non voluptatem culpa dolor natus vel. Temporibus ex magni ut dolore quis saepe repellat id. Consequatur sapiente ex placeat. Sed consequatur et cupiditate.', 2, '2019-12-05 08:00:58', '2019-12-05 08:00:58'),
(16, 9, 'Green Rippin', 'Libero id ipsam porro. Voluptas quos voluptas officiis harum. Ratione et deleniti ipsam. Dolores ipsum natus voluptate dolor animi aliquid.', 2, '2019-12-05 08:00:58', '2019-12-05 08:00:58'),
(17, 46, 'Anya Hettinger PhD', 'Dolore dolor eum aliquam voluptatem corrupti animi quia et. Aliquam accusamus ut autem illo eaque eos quis. Non ipsum sit eum voluptatem ipsam.', 2, '2019-12-05 08:00:58', '2019-12-05 08:00:58'),
(18, 11, 'Maci Ondricka', 'Consequatur omnis ullam rerum numquam occaecati. Tempora delectus veniam molestiae praesentium.', 1, '2019-12-05 08:00:58', '2019-12-05 08:00:58'),
(19, 100, 'Darrin Bins', 'Iusto est deserunt et a. Aliquid ipsum rerum officia voluptates laudantium deleniti. Temporibus dolor vel tenetur voluptatem repudiandae. Iure molestias voluptas veritatis illo veritatis officia.', 0, '2019-12-05 08:00:58', '2019-12-05 08:00:58'),
(20, 7, 'Rozella Green', 'Cupiditate nostrum itaque rerum eligendi quia. Nam quasi veniam veniam quas deserunt dolor. Alias excepturi aperiam et occaecati. Omnis esse quisquam autem ipsam consequatur quibusdam a.', 0, '2019-12-05 08:00:58', '2019-12-05 08:00:58'),
(21, 32, 'Dr. Stephen Rolfson II', 'Quam facilis voluptatem quos dolorum. Quia a voluptas veritatis est.', 1, '2019-12-05 08:00:58', '2019-12-05 08:00:58'),
(22, 71, 'Shaniya Mertz', 'Aut dolores quaerat sapiente quas at. Quaerat animi molestiae iure. Natus sint dolores enim architecto sunt. Voluptas deserunt qui voluptas quo incidunt alias repellendus qui.', 4, '2019-12-05 08:00:58', '2019-12-05 08:00:58'),
(23, 83, 'Miss Jacynthe Kulas MD', 'Recusandae facere reprehenderit possimus aut et aut aut dolores. Aut blanditiis similique earum repudiandae harum. Sit voluptas voluptatem dolor quaerat vero consequatur cumque velit. Sequi veniam voluptas necessitatibus itaque molestiae laboriosam nam.', 5, '2019-12-05 08:00:58', '2019-12-05 08:00:58'),
(24, 58, 'Ms. Gail Bruen', 'Molestiae corporis reprehenderit accusantium repellat dolorem quia. Rem est soluta laborum deserunt. Dolorem distinctio qui id non.', 5, '2019-12-05 08:00:58', '2019-12-05 08:00:58'),
(25, 12, 'Reese Hill', 'Quia aut odit aspernatur. Enim sed rerum totam ad explicabo sit. Rem fuga eum amet accusantium aperiam sit quia. Officiis rerum sunt qui repellat fugit alias. Ab ea necessitatibus qui numquam.', 5, '2019-12-05 08:00:58', '2019-12-05 08:00:58'),
(26, 59, 'Prof. Gabe Blick', 'Aliquam veniam et qui officia necessitatibus est temporibus. Ea ut expedita repudiandae vel vero possimus. Nihil illo recusandae enim velit vitae laudantium beatae.', 5, '2019-12-05 08:00:58', '2019-12-05 08:00:58'),
(27, 5, 'Alessandro Leannon', 'Blanditiis dignissimos aspernatur qui porro et adipisci. Velit sequi incidunt itaque id voluptas similique aut eveniet. Deserunt eveniet deserunt omnis consequatur ex.', 5, '2019-12-05 08:00:58', '2019-12-05 08:00:58'),
(28, 50, 'Domenick Harber', 'Laudantium et qui fugit placeat facere sint quia. Nemo inventore unde labore rerum et. Eveniet similique pariatur sunt. Libero corrupti non ut maxime occaecati sint autem.', 4, '2019-12-05 08:00:58', '2019-12-05 08:00:58'),
(29, 21, 'Ursula Dare', 'Vel maiores explicabo natus velit qui atque. Asperiores error voluptatem blanditiis omnis. Quia omnis temporibus quasi est ad rem. Aut sed exercitationem debitis.', 2, '2019-12-05 08:00:58', '2019-12-05 08:00:58'),
(30, 26, 'Mr. Scottie Murray PhD', 'Aspernatur cupiditate accusamus consequatur debitis ratione molestiae consequatur. Ad distinctio perspiciatis iste autem ut incidunt ipsam. Dolores magni laboriosam voluptas iusto. Unde ea neque dolorem.', 4, '2019-12-05 08:00:58', '2019-12-05 08:00:58'),
(31, 48, 'Dr. Vincenzo Carter Sr.', 'Sit eos pariatur culpa ea. Et eligendi quam necessitatibus ea deserunt ex autem.', 4, '2019-12-05 08:00:58', '2019-12-05 08:00:58'),
(32, 54, 'Mr. Broderick Parker Jr.', 'Odit ipsa ea laborum ea. Beatae qui ut excepturi. Eos sit omnis ea quia perferendis. Iste tenetur sed beatae dolore sit odio.', 2, '2019-12-05 08:00:58', '2019-12-05 08:00:58'),
(33, 68, 'Miss Elena Robel', 'Nulla dolores ea voluptatem vitae qui et repellendus commodi. Qui saepe distinctio vel consectetur incidunt ratione commodi. Libero et deleniti et optio.', 4, '2019-12-05 08:00:58', '2019-12-05 08:00:58'),
(34, 43, 'Ilene Johnson', 'Itaque omnis sit nam vel maiores. Aut accusantium voluptatem vel quidem. Rem aut sunt provident. Maiores quo atque inventore voluptatem quam.', 0, '2019-12-05 08:00:58', '2019-12-05 08:00:58'),
(35, 32, 'Jordi Haag', 'Et ut doloremque sint. Quisquam quia aperiam velit. Laborum sapiente ut officiis et sapiente.', 2, '2019-12-05 08:00:58', '2019-12-05 08:00:58'),
(36, 88, 'Mrs. Mary Armstrong Jr.', 'Debitis maxime quo earum delectus beatae illo harum. Minus ex ut et autem unde.', 0, '2019-12-05 08:00:58', '2019-12-05 08:00:58'),
(37, 26, 'Prof. Otho Brakus', 'Quia quas ab illum consequatur fugit sunt molestiae. Voluptates maiores molestias fugit consequuntur et. Blanditiis et laudantium vero rerum neque facilis numquam.', 3, '2019-12-05 08:00:58', '2019-12-05 08:00:58'),
(38, 100, 'Ms. Beatrice Bayer', 'Est consectetur est aperiam. Explicabo laborum id nihil placeat. Quidem consectetur quam doloremque exercitationem qui aut.', 0, '2019-12-05 08:00:58', '2019-12-05 08:00:58'),
(39, 94, 'Prof. Kameron Erdman DVM', 'Pariatur quaerat velit rerum quae ut dignissimos rerum. Facere repellendus mollitia odit eos maxime facere in et.', 4, '2019-12-05 08:00:58', '2019-12-05 08:00:58'),
(40, 7, 'Mr. Darrion Pouros', 'Ut molestiae velit fuga provident. Dolor perferendis doloribus a quas quo aut praesentium. Earum laborum sed iure. Fuga rerum accusamus voluptatum et.', 1, '2019-12-05 08:00:58', '2019-12-05 08:00:58'),
(41, 44, 'Gabriel Rolfson MD', 'Dolores facere perspiciatis corrupti perferendis praesentium eligendi nostrum. Eum laborum placeat impedit suscipit quos vero eveniet. Omnis exercitationem et maxime cupiditate.', 1, '2019-12-05 08:00:58', '2019-12-05 08:00:58'),
(42, 15, 'Tania Schiller', 'Fugiat vitae eum accusantium et et iure vitae. Nostrum officiis ut omnis reprehenderit in et.', 2, '2019-12-05 08:00:58', '2019-12-05 08:00:58'),
(43, 95, 'Ava Will', 'Et aliquid aliquam sed maiores illum facilis. Voluptatem eos expedita ipsum quae repudiandae nam in. Recusandae dolores minima ipsam corporis nihil et dignissimos. Nisi ut sed debitis soluta consequatur minima. Veniam qui quia fugiat.', 1, '2019-12-05 08:00:58', '2019-12-05 08:00:58'),
(44, 25, 'Dakota Wilderman', 'Veritatis ea necessitatibus sapiente. Magni repudiandae rerum facere ut ab est aperiam. Suscipit quibusdam perspiciatis corrupti est quidem et vitae. Veniam odio enim velit sit aliquid optio consequatur.', 0, '2019-12-05 08:00:58', '2019-12-05 08:00:58'),
(45, 77, 'Bessie Conn', 'Officiis aut repellat nemo similique dolores sequi aut. Enim voluptatem at labore. Sint quis rerum aliquid. Quasi et est est harum.', 4, '2019-12-05 08:00:58', '2019-12-05 08:00:58'),
(46, 22, 'Dora Lebsack DVM', 'Magni omnis consequuntur quasi est voluptatem hic a. Consequatur doloribus cum ut temporibus.', 5, '2019-12-05 08:00:58', '2019-12-05 08:00:58'),
(47, 62, 'Johnathan Walker', 'Qui eos officiis iusto vero. Porro voluptatem sapiente doloribus sed sed quidem fugit non. Eaque sapiente corrupti quae sed dolor rerum. Praesentium quia et alias odio voluptatem sequi vel.', 0, '2019-12-05 08:00:58', '2019-12-05 08:00:58'),
(48, 20, 'Ms. Elinor Durgan V', 'Voluptates deleniti officia rem occaecati. Distinctio et perferendis nesciunt voluptas ipsum exercitationem. Incidunt laudantium non ut eveniet.', 3, '2019-12-05 08:00:58', '2019-12-05 08:00:58'),
(49, 32, 'Sharon Jacobi', 'Omnis culpa laborum non cum maiores. Est cupiditate sequi qui ullam eos et.', 3, '2019-12-05 08:00:58', '2019-12-05 08:00:58'),
(50, 64, 'Dr. Kiana Morissette V', 'Et praesentium porro est aut deserunt eligendi et. Id nulla modi sed. Ab est iste fugit vel ut aliquam et.', 1, '2019-12-05 08:00:58', '2019-12-05 08:00:58'),
(51, 1, 'Vincenzo Ferry', 'Temporibus voluptatum iste voluptatum quibusdam aperiam illo doloremque. Assumenda consequatur repellendus asperiores recusandae iusto aut est. Exercitationem quam aut quibusdam amet. At aperiam non ut quibusdam vero rerum necessitatibus odit.', 3, '2019-12-05 08:00:58', '2019-12-05 08:00:58'),
(52, 66, 'Elenor Hackett', 'Unde officiis distinctio sit laborum ipsum porro. At quod dolores enim ducimus ea maxime. Quod eaque laborum adipisci rerum vero iste enim.', 4, '2019-12-05 08:00:58', '2019-12-05 08:00:58'),
(53, 61, 'Barton Reichert', 'Consequuntur aspernatur quia aut facere aliquid nostrum dicta. Impedit eos dolorem ipsum repellendus. Nobis laborum necessitatibus quia consequatur. Quia impedit consequuntur et.', 1, '2019-12-05 08:00:58', '2019-12-05 08:00:58'),
(54, 53, 'Reuben Mayert', 'Nihil ut tempore sequi fuga. Et ut fuga sed omnis temporibus. Exercitationem repudiandae vel quisquam alias. Corporis facere quas ad est consequuntur id.', 5, '2019-12-05 08:00:58', '2019-12-05 08:00:58'),
(55, 3, 'Judson Hirthe', 'Minus illo voluptatum optio consequuntur. Fugiat nihil sit laboriosam quis tenetur. Et voluptas aut numquam libero reiciendis.', 4, '2019-12-05 08:00:58', '2019-12-05 08:00:58'),
(56, 90, 'Judd White', 'Veritatis provident voluptatum nisi aut nulla. Incidunt possimus ut similique. Voluptas et eveniet id nostrum provident. Nesciunt ut consectetur voluptates soluta laborum enim.', 2, '2019-12-05 08:00:58', '2019-12-05 08:00:58'),
(57, 10, 'Lysanne Price', 'Iusto fuga dolores aut voluptas iste. Fugiat rerum soluta quia enim placeat. Praesentium consequuntur mollitia ipsam totam et eos. Sunt unde consectetur id velit.', 0, '2019-12-05 08:00:58', '2019-12-05 08:00:58'),
(58, 87, 'Adrain Kirlin Sr.', 'Ullam totam odio sint voluptas in. Unde voluptatem qui explicabo. Dolore eos iste et provident voluptatem ipsum officiis. Reprehenderit magnam ratione magni aut.', 2, '2019-12-05 08:00:58', '2019-12-05 08:00:58'),
(59, 18, 'Lue Rogahn', 'Impedit sed veniam doloremque numquam blanditiis. Exercitationem officiis aut nemo dolorem optio repellat.', 1, '2019-12-05 08:00:58', '2019-12-05 08:00:58'),
(60, 56, 'Olen Tremblay', 'Unde quasi incidunt et qui a molestias. Nam autem recusandae sed et tenetur labore. Illum ut rerum rerum placeat. Nisi ut sed nihil.', 0, '2019-12-05 08:00:58', '2019-12-05 08:00:58'),
(61, 63, 'Bulah Sauer Jr.', 'Aut dignissimos est magni est. Provident qui perferendis impedit numquam sit sit voluptas. Voluptas aliquam consequatur quod occaecati. Esse a doloremque similique.', 3, '2019-12-05 08:00:58', '2019-12-05 08:00:58'),
(62, 80, 'Haylee Veum', 'Iure omnis eveniet hic deleniti est quo et. Sed consequatur accusantium autem maiores rerum rerum. Ratione voluptatem amet nostrum totam porro. Nulla id blanditiis est sunt.', 5, '2019-12-05 08:00:58', '2019-12-05 08:00:58'),
(63, 46, 'Prof. Wilson Hagenes', 'Natus doloremque est nisi quis. Molestiae voluptatem qui et quasi quo qui. Autem aliquam et facere et tempore quisquam non. Architecto dolores accusamus voluptatem.', 1, '2019-12-05 08:00:58', '2019-12-05 08:00:58'),
(64, 99, 'Ryder Hyatt', 'Rem sed consectetur est pariatur sint omnis quibusdam numquam. Itaque quos repellendus nesciunt sequi quod quae. Deleniti ea eum in recusandae.', 5, '2019-12-05 08:00:58', '2019-12-05 08:00:58'),
(65, 50, 'Dr. Charley Lehner V', 'Alias iure omnis quas aspernatur autem fugiat. Deserunt ea molestiae deserunt omnis in excepturi.', 3, '2019-12-05 08:00:58', '2019-12-05 08:00:58'),
(66, 42, 'Dr. Garrison Romaguera PhD', 'Autem libero hic laudantium facere voluptatem et enim. Eligendi sit incidunt at excepturi quaerat veniam necessitatibus. Et ut vero alias.', 5, '2019-12-05 08:00:58', '2019-12-05 08:00:58'),
(67, 17, 'Johan Lueilwitz', 'Maiores et et ea corrupti iusto. In sit quo pariatur veniam est nihil. Praesentium corporis necessitatibus eaque minus. Consectetur vitae quibusdam corporis expedita unde dolor ut.', 2, '2019-12-05 08:00:58', '2019-12-05 08:00:58'),
(68, 70, 'Mr. Cicero Friesen IV', 'Corporis eos expedita aliquid dolor iure dignissimos et. Autem hic quis iste voluptatum beatae iure voluptates. Qui totam aliquam sunt aut maiores vero sit expedita. Impedit tempore velit veniam sed molestiae dignissimos et. Eum praesentium omnis exercitationem enim veritatis illo.', 1, '2019-12-05 08:00:58', '2019-12-05 08:00:58'),
(69, 30, 'Aidan Bruen', 'Vero qui id omnis quod. Accusamus at beatae odio cum. Eveniet perferendis officiis nihil illo velit. Iste commodi corporis repellat molestiae aut repellendus.', 2, '2019-12-05 08:00:58', '2019-12-05 08:00:58'),
(70, 33, 'Fiona Maggio', 'Et ratione a neque minus distinctio sunt quae. Occaecati maxime quia nostrum et quia minima rem.', 3, '2019-12-05 08:00:58', '2019-12-05 08:00:58'),
(71, 41, 'Dr. Maida Cremin', 'Saepe qui dolor dolorem cupiditate expedita sunt consequatur. Unde est possimus distinctio ut. Expedita est eum maiores libero fugiat possimus.', 4, '2019-12-05 08:00:58', '2019-12-05 08:00:58'),
(72, 17, 'Dr. Chris Glover', 'Hic aliquid voluptas fuga assumenda reiciendis vel. Voluptatum velit et ducimus quasi sed provident. Error magni qui est magnam nostrum unde excepturi eos. Voluptatem velit dignissimos et quaerat at vel. Quae alias vel perspiciatis eum.', 4, '2019-12-05 08:00:58', '2019-12-05 08:00:58'),
(73, 66, 'Rico Jacobs', 'Alias maiores et doloribus placeat quisquam. Et aliquam asperiores eum aut.', 2, '2019-12-05 08:00:58', '2019-12-05 08:00:58'),
(74, 53, 'Isac Ruecker', 'Inventore est expedita repudiandae aut ut. Eum ad qui enim saepe.', 2, '2019-12-05 08:00:58', '2019-12-05 08:00:58'),
(75, 52, 'Prof. Oswald Morar', 'Quis labore explicabo id. Praesentium quaerat excepturi qui vel minima. Ut ut omnis et quas voluptas. Dolores et non quidem officiis iure.', 5, '2019-12-05 08:00:58', '2019-12-05 08:00:58'),
(76, 2, 'Kevon Hodkiewicz', 'Perferendis numquam hic pariatur assumenda blanditiis suscipit vero. Iure modi culpa distinctio est illum ea architecto. Labore voluptatibus nisi libero at ullam consequatur.', 5, '2019-12-05 08:00:58', '2019-12-05 08:00:58'),
(77, 81, 'Amelia Windler', 'In dolorem omnis architecto accusamus aut recusandae. Quaerat numquam sit reiciendis veritatis. Vitae aut aliquam dolor quae vel corrupti asperiores.', 0, '2019-12-05 08:00:58', '2019-12-05 08:00:58'),
(78, 65, 'Maxime Schulist', 'Magni nobis mollitia quis cum suscipit. Corrupti sunt saepe ipsam pariatur est. Quod repellendus possimus officia vel ut ducimus.', 2, '2019-12-05 08:00:58', '2019-12-05 08:00:58'),
(79, 44, 'Kailey Corkery', 'Et minus corporis quaerat corporis aut et iusto. Quia ducimus minus sit voluptate minima et amet.', 1, '2019-12-05 08:00:58', '2019-12-05 08:00:58'),
(80, 70, 'Kelvin Huels', 'Ad dolores officiis animi aliquid dolores ducimus quisquam. Est reprehenderit nihil odit debitis dolorem magnam. Commodi beatae quia quod et ea nesciunt necessitatibus iusto. Id hic veritatis voluptates. Voluptatem velit id molestias magni consequuntur voluptatem aliquam minima.', 4, '2019-12-05 08:00:58', '2019-12-05 08:00:58'),
(81, 54, 'Ms. Marjory Stiedemann Sr.', 'Modi culpa aperiam sed autem non aut minima excepturi. Expedita numquam quia nesciunt nemo. Exercitationem hic in dolor pariatur inventore neque ipsa. Reprehenderit odit qui minima debitis unde beatae et quis. In quas impedit non ratione voluptatem cupiditate rerum.', 1, '2019-12-05 08:00:58', '2019-12-05 08:00:58'),
(82, 96, 'Antonio Dare', 'Dolorum ea minus officiis. Beatae adipisci nihil laborum aliquam voluptatem porro. Autem omnis laudantium vel dolorem perspiciatis enim vero.', 2, '2019-12-05 08:00:58', '2019-12-05 08:00:58'),
(83, 14, 'Prof. Dee Yost', 'Et et eius velit id officia. Ad non eum velit aut. Dicta architecto consectetur quia. Earum minima nulla eaque reprehenderit alias quas. Minus harum ut exercitationem reiciendis distinctio dolorem culpa.', 2, '2019-12-05 08:00:58', '2019-12-05 08:00:58'),
(84, 4, 'Alyson Bahringer', 'Cum quibusdam aperiam quisquam ipsam aliquam iure. Vero voluptas magni odit quia. Ut commodi et aut fugiat eaque consequatur quidem. Voluptatum natus necessitatibus est quis ut et ad. Blanditiis saepe impedit qui et.', 4, '2019-12-05 08:00:58', '2019-12-05 08:00:58'),
(85, 20, 'Marcelina Hill', 'Natus aut facilis sapiente rerum. Voluptatem harum rerum aut tenetur doloribus beatae sint omnis. Magni eum facilis sunt consequatur.', 3, '2019-12-05 08:00:58', '2019-12-05 08:00:58'),
(86, 75, 'Frederique Treutel II', 'Consectetur hic quae eveniet ut ad suscipit. Totam eos tenetur dolores cupiditate sint quidem. Rerum quo necessitatibus sed quo. Laudantium ut suscipit aliquid et nulla laboriosam.', 4, '2019-12-05 08:00:58', '2019-12-05 08:00:58'),
(87, 99, 'Mariela Ryan', 'Corporis sunt vel sed commodi et maxime ut et. Quisquam numquam laborum ut perspiciatis. Est repudiandae ut eos earum non.', 5, '2019-12-05 08:00:58', '2019-12-05 08:00:58'),
(88, 64, 'Michael Bashirian', 'Reiciendis placeat itaque aut adipisci ex. Amet recusandae blanditiis doloremque voluptatum est qui et. Voluptatem et sed perspiciatis facere quia qui.', 5, '2019-12-05 08:00:58', '2019-12-05 08:00:58'),
(89, 34, 'Tomas Klein IV', 'Quo non fuga omnis minima possimus autem. Repellendus voluptas eum optio ut minus. Nemo sit quia iste voluptatum. Vero dolor quia a natus.', 3, '2019-12-05 08:00:58', '2019-12-05 08:00:58'),
(90, 77, 'Mrs. Destany Ferry PhD', 'Esse earum officia nostrum aliquam assumenda nihil. Modi dolore autem quod explicabo. Amet quia aspernatur adipisci impedit quisquam unde. Illum et facilis fugiat molestias fugiat magnam ut nesciunt.', 2, '2019-12-05 08:00:58', '2019-12-05 08:00:58'),
(91, 34, 'Baby Murray', 'Occaecati vero est explicabo blanditiis. Ipsa dicta dolor tenetur possimus suscipit. Quia tenetur similique sunt accusantium recusandae.', 2, '2019-12-05 08:00:58', '2019-12-05 08:00:58'),
(92, 46, 'Janessa Pacocha', 'Dolore accusantium delectus voluptatem optio. Sit consequatur similique modi est debitis nihil. Et hic ad sequi ipsam.', 3, '2019-12-05 08:00:58', '2019-12-05 08:00:58'),
(93, 50, 'Prof. Marietta Ullrich', 'Vel ut quam nulla suscipit. Necessitatibus voluptatem qui vitae asperiores possimus. Quis molestias dicta dicta cumque eos consequatur ratione. Ad consequuntur porro et deserunt vel.', 5, '2019-12-05 08:00:58', '2019-12-05 08:00:58'),
(94, 67, 'Mrs. Joy Hamill', 'Illum distinctio aut voluptas quis animi non labore. Quia temporibus ad laborum ipsum quaerat nulla ea tempora. Quia omnis dicta non doloribus quo. Facere est repudiandae et excepturi perferendis ex rerum dicta.', 1, '2019-12-05 08:00:58', '2019-12-05 08:00:58'),
(95, 82, 'Irwin Bins DDS', 'Facilis sint et qui ut explicabo quia est. Harum dolor a dignissimos omnis. Pariatur voluptatem sapiente aliquam.', 2, '2019-12-05 08:00:58', '2019-12-05 08:00:58'),
(96, 34, 'Benjamin Bauch', 'Id porro soluta ut inventore sapiente sed odit. Numquam molestiae eum id nemo. Repudiandae voluptas id quae quibusdam. Dignissimos enim maiores aliquam saepe. Aut aut optio eum recusandae.', 4, '2019-12-05 08:00:58', '2019-12-05 08:00:58'),
(97, 40, 'Cody Boehm', 'Nam fuga distinctio est accusamus. Omnis et possimus omnis. Libero id suscipit sint eum et quia unde.', 4, '2019-12-05 08:00:58', '2019-12-05 08:00:58'),
(98, 23, 'Georgette Tillman Jr.', 'Nihil magnam tenetur ipsam fugiat debitis enim quam. Aut ut veniam quidem aut. Corporis doloribus incidunt aut id.', 4, '2019-12-05 08:00:58', '2019-12-05 08:00:58'),
(99, 55, 'Alvera Gerlach DVM', 'Magni molestiae vero veritatis est. Vitae delectus et repellendus consequuntur blanditiis rem. Molestiae iste nihil eos velit.', 1, '2019-12-05 08:00:58', '2019-12-05 08:00:58'),
(100, 60, 'Wade Feest', 'Quaerat aliquid rerum odit hic maxime consequatur ut. Veniam inventore qui odit accusantium aut. Enim autem reiciendis deleniti iure consectetur amet. Non nostrum officiis fugit quia rerum numquam. Ducimus minima voluptas reiciendis et quia non fugit.', 5, '2019-12-05 08:00:58', '2019-12-05 08:00:58'),
(101, 51, 'Randi Rolfson', 'Cupiditate illum odio repellendus est est qui quo ipsa. Aut ab adipisci veritatis modi nulla.', 4, '2019-12-05 08:00:58', '2019-12-05 08:00:58'),
(102, 42, 'Gabe Kuphal PhD', 'Officiis qui nobis omnis perspiciatis corrupti officiis quia. Eum optio sit in sit earum quia doloremque. Vitae inventore iste numquam et aut. Ut illo fugit quidem quia in cum recusandae.', 4, '2019-12-05 08:00:58', '2019-12-05 08:00:58'),
(103, 56, 'Derrick Quitzon MD', 'Ipsa eos ullam enim odio. Fugiat rerum voluptas similique exercitationem. Rem et et velit.', 4, '2019-12-05 08:00:58', '2019-12-05 08:00:58'),
(104, 77, 'Cory Kertzmann Sr.', 'Maxime esse et deserunt. Modi enim odio non rerum quia. Est similique voluptate enim et recusandae ratione nostrum. Dolorum modi dignissimos numquam odit sit aut.', 5, '2019-12-05 08:00:58', '2019-12-05 08:00:58'),
(105, 88, 'Reinhold Russel', 'Nobis itaque aut quo aliquid quo neque recusandae et. Dolorum quo natus aut eum. Beatae molestias natus molestiae dolores et molestias necessitatibus.', 1, '2019-12-05 08:00:58', '2019-12-05 08:00:58'),
(106, 96, 'Geovanni Hirthe', 'Dignissimos vero et vel ratione qui debitis. Similique in aut officiis odit. Voluptatem officia deleniti et aut quam autem. Quae asperiores autem omnis quam qui ratione.', 0, '2019-12-05 08:00:58', '2019-12-05 08:00:58'),
(107, 41, 'Imelda Pfannerstill', 'Aut veniam quia quo laborum quos accusamus. Est impedit ipsum et aut veritatis quia. Odio fugit nihil magni rem.', 4, '2019-12-05 08:00:58', '2019-12-05 08:00:58'),
(108, 6, 'Constantin Bins', 'Assumenda ducimus harum magni libero ea dolore perspiciatis. Autem dolores minima aut laborum aut. Quae pariatur tempore nobis qui consectetur quibusdam.', 4, '2019-12-05 08:00:58', '2019-12-05 08:00:58'),
(109, 23, 'Prof. Bobbie Considine MD', 'Repudiandae inventore sit aut. Necessitatibus aut in debitis tenetur eum et eligendi. Aperiam enim reprehenderit omnis ratione dolorem necessitatibus.', 4, '2019-12-05 08:00:58', '2019-12-05 08:00:58'),
(110, 88, 'Calista Hyatt', 'Reiciendis ullam et ut ipsum adipisci fugit temporibus. Voluptatem id assumenda quis sint. Voluptate aut sequi nesciunt dolorum.', 0, '2019-12-05 08:00:58', '2019-12-05 08:00:58'),
(111, 65, 'Daniella Beer MD', 'Quia dolorem facere esse facere. Quia dignissimos sequi illo. Soluta ullam ex est dolor. Quis similique assumenda nihil rerum.', 5, '2019-12-05 08:00:58', '2019-12-05 08:00:58'),
(112, 47, 'Christy Ward', 'Omnis quo error nam ut voluptatem consequatur amet nobis. Quidem beatae dolorum animi nesciunt voluptate. Minima qui veritatis magni numquam aut.', 4, '2019-12-05 08:00:58', '2019-12-05 08:00:58'),
(113, 19, 'Brooks Heidenreich III', 'Reiciendis cupiditate quas temporibus cum sint autem quae. Provident est placeat animi voluptas. Molestiae ea et et adipisci laborum. Repellendus incidunt quia saepe.', 0, '2019-12-05 08:00:58', '2019-12-05 08:00:58'),
(114, 36, 'Horace Osinski', 'Eum pariatur nihil itaque eum. Incidunt voluptatem amet eaque earum.', 4, '2019-12-05 08:00:58', '2019-12-05 08:00:58'),
(115, 40, 'Abbigail Kunde', 'Perferendis velit quae a dignissimos aliquam ad. Ut unde enim non perferendis. Voluptate reiciendis est aperiam nulla maiores sed.', 1, '2019-12-05 08:00:58', '2019-12-05 08:00:58'),
(116, 44, 'Sylvia McDermott', 'Veritatis praesentium dicta placeat eos omnis aut. Cumque necessitatibus maxime vitae totam consectetur architecto cum. Aut eveniet laudantium aliquid animi aut minima alias. Provident blanditiis non asperiores omnis possimus. Minima atque sint architecto asperiores et.', 2, '2019-12-05 08:00:58', '2019-12-05 08:00:58'),
(117, 30, 'Lolita Dach', 'Non odio pariatur at voluptatem dolorem ut qui. Adipisci recusandae sit quis sed. Eveniet dolore et aliquam voluptatem incidunt maiores enim provident.', 0, '2019-12-05 08:00:58', '2019-12-05 08:00:58'),
(118, 23, 'Mrs. Dana Denesik', 'Quam est voluptas molestias animi quia. Impedit rem modi natus non. Cumque maxime et voluptatibus eos voluptate libero.', 2, '2019-12-05 08:00:58', '2019-12-05 08:00:58'),
(119, 14, 'Rocio Braun', 'Maiores ratione eius ut eos natus voluptate aliquid. Dolor ipsa aut soluta aut. Est dolores aut enim facilis perferendis.', 2, '2019-12-05 08:00:58', '2019-12-05 08:00:58'),
(120, 70, 'Ariel Hayes', 'Deserunt mollitia praesentium sunt magni est error aut. Et maxime corporis animi. Vel aliquid facilis necessitatibus ex nobis.', 4, '2019-12-05 08:00:58', '2019-12-05 08:00:58'),
(121, 43, 'Celia West', 'Tenetur quisquam ad consequatur vel. Ut ducimus est quidem officia eveniet facilis dolor. Nobis recusandae non quis commodi qui. Et ut sapiente omnis odio aut.', 4, '2019-12-05 08:00:58', '2019-12-05 08:00:58'),
(122, 88, 'Mrs. Kianna Schiller DDS', 'Fugiat voluptatibus nobis est minima omnis dicta. Minus rem molestias modi odio aut sapiente corrupti aspernatur. Doloremque dolorem repellat repellat esse molestiae nesciunt. Et sed sunt deserunt sed.', 5, '2019-12-05 08:00:58', '2019-12-05 08:00:58'),
(123, 42, 'Jessy Ledner', 'Et et optio occaecati eius voluptatem fuga. Nulla doloremque at aut qui repellendus in suscipit eum. Rerum voluptatem ea reprehenderit animi at placeat.', 5, '2019-12-05 08:00:58', '2019-12-05 08:00:58'),
(124, 96, 'Bernie Mueller Jr.', 'Id saepe enim laudantium voluptas maxime molestias. Ut nihil cupiditate eveniet sint. Aut tenetur omnis assumenda. Error dolor architecto voluptatibus tenetur laudantium dolore. Quia in autem voluptatibus error corporis.', 3, '2019-12-05 08:00:58', '2019-12-05 08:00:58'),
(125, 85, 'Hannah Schowalter', 'Soluta saepe voluptatem tempora ipsam consectetur dolores. Ea dolorum dolores enim aut quas. Harum ipsum aperiam quis quasi ut itaque sed. Dolorum nobis quidem non quo esse.', 0, '2019-12-05 08:00:58', '2019-12-05 08:00:58'),
(126, 11, 'Abel Hoeger I', 'Eum molestias et exercitationem dolorem officiis. Architecto aut cumque qui aspernatur ut quia. Blanditiis asperiores praesentium ea quis ducimus non. Temporibus et magnam incidunt veritatis dolores nisi.', 5, '2019-12-05 08:00:58', '2019-12-05 08:00:58'),
(127, 36, 'Athena Wiza IV', 'Vitae consequatur et cupiditate omnis voluptatem praesentium praesentium quis. Veniam tempora magni quaerat ut ea aut. Culpa velit consectetur delectus minus quos repellendus aperiam. Quas ducimus amet incidunt sit.', 1, '2019-12-05 08:00:58', '2019-12-05 08:00:58'),
(128, 59, 'Jeromy Thompson', 'Labore ab rerum aut. Omnis doloribus nemo et perspiciatis inventore. Labore dolore eum non. Ut ut aut explicabo nulla sapiente.', 5, '2019-12-05 08:00:58', '2019-12-05 08:00:58'),
(129, 16, 'Miss Magnolia White II', 'Qui nulla error et eum. Repellendus laboriosam culpa tempore voluptatem deserunt aut distinctio. Voluptatum enim aliquid ut non enim minima. Tenetur repellat animi quo dolorem corporis ut reprehenderit assumenda.', 2, '2019-12-05 08:00:58', '2019-12-05 08:00:58'),
(130, 89, 'Nikki Grimes', 'Modi dicta ut est dolores. Veritatis quia eum et eius ipsum perferendis. Similique est dolorum officia nostrum suscipit.', 3, '2019-12-05 08:00:58', '2019-12-05 08:00:58'),
(131, 50, 'Mr. Grover Conroy V', 'Ut hic sapiente nobis qui. Dolor ex quo consectetur ipsum eveniet consequatur. Est beatae voluptas eaque.', 1, '2019-12-05 08:00:58', '2019-12-05 08:00:58'),
(132, 95, 'Prof. Jessy Dietrich Sr.', 'Voluptas quia enim blanditiis. Quo ratione aut numquam quia commodi ipsa modi cum. Tenetur architecto rerum accusamus laudantium.', 2, '2019-12-05 08:00:58', '2019-12-05 08:00:58'),
(133, 62, 'Lessie McLaughlin', 'Quibusdam vel sint id accusantium. Accusantium atque dolorem dolorem qui. Deserunt vel voluptatem qui a alias voluptatum.', 0, '2019-12-05 08:00:58', '2019-12-05 08:00:58'),
(134, 70, 'Stefan Keeling V', 'Quod eum consequatur eos asperiores sed. Atque quam reiciendis quia rerum autem et expedita. Nulla asperiores eum aspernatur ex. Itaque et est ut accusantium. Et porro voluptatem vel totam cumque rerum.', 2, '2019-12-05 08:00:58', '2019-12-05 08:00:58'),
(135, 99, 'Jillian Schmitt III', 'Aliquid culpa maxime dolor officiis ducimus velit. Ratione dolorum voluptas aut. Placeat suscipit blanditiis consequatur quo cumque dolores.', 0, '2019-12-05 08:00:58', '2019-12-05 08:00:58'),
(136, 10, 'Mya Waelchi', 'Rerum suscipit dolores dolores et animi neque magni. Placeat vero saepe vel molestias a laboriosam. Sequi et perferendis reprehenderit accusamus ipsum. Et et quae et doloribus nisi ullam laborum.', 0, '2019-12-05 08:00:58', '2019-12-05 08:00:58'),
(137, 9, 'Felipe Kulas', 'Eos quidem occaecati optio sint. Illo praesentium perferendis ad velit rem aut non. Temporibus laboriosam et nemo fugit. Molestiae dignissimos voluptas laboriosam quam voluptatem.', 0, '2019-12-05 08:00:58', '2019-12-05 08:00:58'),
(138, 21, 'Cynthia Welch MD', 'Tenetur quia autem nulla ut illo id. Vero aut rem nihil nostrum voluptatem.', 3, '2019-12-05 08:00:58', '2019-12-05 08:00:58'),
(139, 91, 'Jerome Hermiston', 'Error voluptatem sed sunt. Aut officiis nisi molestias enim accusantium maiores non id. Aut et aspernatur est eaque tempora rerum adipisci. Laborum rem blanditiis perferendis sit.', 0, '2019-12-05 08:00:58', '2019-12-05 08:00:58'),
(140, 25, 'Prof. Beth Gutkowski V', 'Sint magnam non ad quas non quas assumenda. Doloremque expedita dolor iusto esse beatae. Sunt maxime debitis officiis deleniti ut culpa. Ex delectus rerum cumque quasi in.', 4, '2019-12-05 08:00:58', '2019-12-05 08:00:58'),
(141, 75, 'Meghan Spinka', 'Aut autem ut ut et facilis sequi sit. Voluptatibus culpa mollitia alias commodi consequatur. Eos expedita perspiciatis non molestias sequi laboriosam iste maxime.', 5, '2019-12-05 08:00:58', '2019-12-05 08:00:58'),
(142, 74, 'Dr. Shawna Langosh', 'Cupiditate aut eum ratione quidem ea. Est tempora assumenda minima rerum consequuntur. Enim fuga accusantium dolore quas quibusdam omnis. Quas et architecto veniam accusantium laborum.', 5, '2019-12-05 08:00:58', '2019-12-05 08:00:58'),
(143, 23, 'Eugenia Doyle III', 'Ut et cum nobis sequi. Sed quae quam dolorum soluta doloremque in voluptatum. Vitae praesentium aliquam perspiciatis est quos enim illum ea.', 2, '2019-12-05 08:00:58', '2019-12-05 08:00:58'),
(144, 21, 'Cassidy Douglas MD', 'Ratione et quia dolore non suscipit quam qui. Ab doloribus nemo quisquam in praesentium consequatur. Velit sed neque unde natus aut laudantium.', 5, '2019-12-05 08:00:58', '2019-12-05 08:00:58'),
(145, 77, 'Dean Smitham', 'Aut eveniet delectus accusamus a suscipit modi accusamus exercitationem. Temporibus beatae consequatur et blanditiis asperiores fugiat cupiditate.', 5, '2019-12-05 08:00:58', '2019-12-05 08:00:58'),
(146, 29, 'Reagan Vandervort', 'Corporis omnis repellendus quo est repellendus laborum. Error quam provident quo quidem quis et cum. Quidem vitae eum blanditiis non. Dolorem fuga saepe eius.', 3, '2019-12-05 08:00:58', '2019-12-05 08:00:58'),
(147, 2, 'Dr. Timmy Grimes', 'Deleniti quod fugiat libero adipisci facere fugit. Minus totam ut molestias sapiente eveniet et deserunt est. Et a ut recusandae doloremque aut consequatur voluptate est.', 1, '2019-12-05 08:00:58', '2019-12-05 08:00:58'),
(148, 17, 'Mrs. Icie Schultz III', 'Totam beatae sed et voluptatem omnis dolorem quia. Et nesciunt ut enim qui qui ut. Consequuntur qui distinctio iste eaque voluptatem excepturi sapiente. Soluta veritatis tempore ex consequuntur voluptas.', 3, '2019-12-05 08:00:58', '2019-12-05 08:00:58'),
(149, 70, 'Prof. Bartholome Bauch', 'Consequuntur perspiciatis accusamus sapiente perferendis occaecati. Tenetur rem reprehenderit vel maxime. Quia quis est et.', 5, '2019-12-05 08:00:58', '2019-12-05 08:00:58'),
(150, 97, 'Miss Tiara VonRueden I', 'Maxime iste accusantium velit iure. Eos qui nemo est dolorem et voluptatem. In quia officiis sed aliquid.', 2, '2019-12-05 08:00:58', '2019-12-05 08:00:58'),
(151, 1, 'Jarrett Parisian', 'Ducimus dolorem dolor exercitationem esse deserunt et hic rem. Ut libero voluptatem qui eligendi sequi. Voluptatibus facilis voluptas sint est velit.', 5, '2019-12-05 08:00:58', '2019-12-05 08:00:58'),
(152, 49, 'Raegan Rodriguez', 'Odio libero sunt totam voluptatem. Placeat aut qui aut sit inventore. Consequatur pariatur possimus corporis eos voluptatum.', 2, '2019-12-05 08:00:58', '2019-12-05 08:00:58'),
(153, 23, 'Ebony Carter', 'Aliquid dolorum impedit recusandae excepturi voluptas. Tempore qui dolorem et. Quisquam ut suscipit architecto est est temporibus. Quaerat dignissimos aut in dolorem.', 0, '2019-12-05 08:00:58', '2019-12-05 08:00:58'),
(154, 60, 'Alysson Grady Jr.', 'Ut ut sit non aut quos quia aut. Repellat expedita fuga molestias aut expedita tenetur. Accusamus est recusandae voluptas soluta rerum placeat. Cupiditate temporibus incidunt qui est blanditiis dicta deleniti.', 5, '2019-12-05 08:00:58', '2019-12-05 08:00:58'),
(155, 85, 'Zackary Gottlieb', 'Voluptatem fugiat et rem dignissimos nemo. Suscipit molestiae maxime reprehenderit neque deleniti quo. Sint quaerat culpa possimus aut doloribus optio.', 4, '2019-12-05 08:00:58', '2019-12-05 08:00:58'),
(156, 41, 'Elissa Berge', 'Corrupti est optio dicta. Possimus ut consequatur eos. Quia deserunt explicabo a quibusdam.', 5, '2019-12-05 08:00:59', '2019-12-05 08:00:59'),
(157, 70, 'Prof. Stuart Torp', 'Perferendis et hic est illo necessitatibus adipisci non. Eos a ullam quia corrupti illo et qui error. Id voluptas ut culpa iusto et. Cupiditate recusandae et non.', 0, '2019-12-05 08:00:59', '2019-12-05 08:00:59'),
(158, 6, 'Ray Kiehn', 'Eligendi tempora tenetur dolore doloribus illo. Nihil id ab sunt quod cumque rerum. Non repellendus rem placeat qui ratione autem qui. Iusto cupiditate voluptas nam sit iste cum veritatis.', 4, '2019-12-05 08:00:59', '2019-12-05 08:00:59'),
(159, 64, 'Brycen Herzog', 'Vero atque aperiam reprehenderit repellat veritatis eos. Ea vitae quis dolore ratione. Ullam animi quia est exercitationem. Asperiores ut voluptate quasi aut eos suscipit.', 3, '2019-12-05 08:00:59', '2019-12-05 08:00:59'),
(160, 70, 'Cyrus Kuhlman', 'Et illum est quia illum numquam tempora molestiae. Occaecati delectus officiis non quisquam officia.', 0, '2019-12-05 08:00:59', '2019-12-05 08:00:59'),
(161, 14, 'Karley Kihn', 'Enim et et qui. Tempora pariatur doloremque aut aut qui. Veritatis libero fuga nihil modi iste nemo.', 1, '2019-12-05 08:00:59', '2019-12-05 08:00:59'),
(162, 54, 'Josie Raynor', 'Iusto exercitationem nobis velit veritatis quos deleniti. Quae ullam hic ipsa non. Consequuntur porro veniam et qui et porro est. Voluptatem velit sunt at qui.', 1, '2019-12-05 08:00:59', '2019-12-05 08:00:59'),
(163, 49, 'Emmanuelle Roob', 'Cumque voluptatem laudantium neque aut incidunt qui eligendi. Exercitationem omnis sunt dignissimos vel. Ipsum ex voluptatem architecto voluptatem. Non nam amet voluptatem magnam expedita.', 4, '2019-12-05 08:00:59', '2019-12-05 08:00:59'),
(164, 93, 'Prof. Paris Nienow III', 'Ut culpa illum incidunt voluptates blanditiis molestiae rerum consequuntur. Amet esse iste eum tempore perspiciatis. Officiis exercitationem ut iusto nobis. In magni animi minima libero hic. Dolor pariatur accusamus rerum sed odio dolor quibusdam.', 5, '2019-12-05 08:00:59', '2019-12-05 08:00:59'),
(165, 20, 'Franz Krajcik', 'Ullam inventore dicta et qui fugiat. Labore incidunt pariatur officiis corrupti. Eveniet nihil id fugit sit voluptatum aut ut. Deleniti expedita ut nihil rem. Incidunt voluptatibus eos ea rem aperiam velit officiis sequi.', 4, '2019-12-05 08:00:59', '2019-12-05 08:00:59'),
(166, 63, 'Favian Nolan', 'Aliquid odit minus asperiores tenetur dolorum molestias earum in. At distinctio non voluptatem. Non sed autem velit enim voluptas. Quibusdam optio nulla error eos.', 2, '2019-12-05 08:00:59', '2019-12-05 08:00:59'),
(167, 34, 'Lowell Yundt', 'Magnam odit ea distinctio et excepturi. Veniam nam explicabo ipsa facere sed quisquam ut. Voluptatem temporibus odit ipsa.', 0, '2019-12-05 08:00:59', '2019-12-05 08:00:59'),
(168, 78, 'Josefa Deckow', 'Repudiandae omnis deserunt consequuntur. Quidem cupiditate porro suscipit qui. Sapiente rem est recusandae cumque quia.', 1, '2019-12-05 08:00:59', '2019-12-05 08:00:59'),
(169, 52, 'Elfrieda Kutch II', 'Qui sed quia enim fugiat reprehenderit nulla. Cupiditate ipsa iusto nesciunt tempore et ut delectus. Tempore quisquam culpa nihil consectetur fuga. Ipsum inventore voluptatem molestiae accusantium a qui.', 2, '2019-12-05 08:00:59', '2019-12-05 08:00:59'),
(170, 58, 'Miss Ilene Ullrich', 'Nesciunt nulla non sed optio autem veniam blanditiis consequatur. Dolorum harum tempora debitis placeat. Voluptate placeat saepe qui sapiente dolores. Et eaque iure nesciunt tempore autem vel omnis nulla.', 0, '2019-12-05 08:00:59', '2019-12-05 08:00:59'),
(171, 100, 'Prof. Zachariah Gusikowski', 'Sequi voluptatem labore quas et sint. Quia aut reiciendis aperiam eligendi ducimus animi id. Aut quod quis quae vel quasi.', 4, '2019-12-05 08:00:59', '2019-12-05 08:00:59'),
(172, 63, 'Estrella Medhurst I', 'Necessitatibus qui provident placeat neque natus harum. Provident ut voluptas perferendis.', 2, '2019-12-05 08:00:59', '2019-12-05 08:00:59'),
(173, 81, 'Mrs. Ashlee Senger', 'Aut suscipit rerum numquam et. Delectus quidem molestiae temporibus enim esse. Magni voluptatem nesciunt non qui. Eligendi ut accusantium sunt maiores saepe necessitatibus quis.', 2, '2019-12-05 08:00:59', '2019-12-05 08:00:59'),
(174, 80, 'Chelsie Littel', 'Sint voluptatibus quas enim ut. Enim nisi magni sint sint rerum sed. Eos dolore tenetur vel laudantium perferendis ut non. Id provident dolorum unde libero quia eos.', 4, '2019-12-05 08:00:59', '2019-12-05 08:00:59'),
(175, 38, 'Wilburn Ryan', 'Vel sapiente et blanditiis. Corporis nulla aliquam quae repellat illum totam repudiandae. Amet labore et nihil similique voluptas enim id.', 3, '2019-12-05 08:00:59', '2019-12-05 08:00:59'),
(176, 26, 'Jannie Bashirian', 'Illum quis ratione aut quo consequatur est ad. Dolores aliquam itaque aut culpa dignissimos deserunt sit.', 4, '2019-12-05 08:00:59', '2019-12-05 08:00:59'),
(177, 52, 'Prof. Narciso Nikolaus', 'Qui voluptatem optio debitis doloribus quas. Qui exercitationem nihil repellendus laboriosam cum ut.', 3, '2019-12-05 08:00:59', '2019-12-05 08:00:59'),
(178, 8, 'Frederick Jacobi III', 'Commodi quibusdam eos beatae a voluptatibus. Explicabo molestiae velit ut repellendus. Culpa molestiae quibusdam explicabo a. Rerum maiores facere ullam quia. Temporibus hic fugiat praesentium in eos consequatur.', 5, '2019-12-05 08:00:59', '2019-12-05 08:00:59'),
(179, 48, 'Julien Dicki', 'Officiis distinctio porro excepturi vel. Id eos voluptas a cum. Recusandae non nihil iure enim natus. Architecto maxime inventore cum voluptas sapiente.', 5, '2019-12-05 08:00:59', '2019-12-05 08:00:59'),
(180, 2, 'Robyn Trantow', 'Est autem quia aut a eos. Doloribus numquam dolores aut inventore. Quo et neque rerum commodi.', 1, '2019-12-05 08:00:59', '2019-12-05 08:00:59'),
(181, 57, 'Mrs. Adeline Fadel', 'Dignissimos et et non dicta impedit. Minus laborum voluptas fugiat tempora. Reprehenderit tempore quo est ut dolorem tempore cupiditate. Facere dolorem omnis et quia. Eveniet unde qui nisi rerum maiores.', 4, '2019-12-05 08:00:59', '2019-12-05 08:00:59'),
(182, 13, 'Justine Steuber', 'Unde vel quisquam veritatis facere et. Reprehenderit et consectetur ipsum voluptatem numquam quod magnam. Consequatur qui magnam porro blanditiis. Nihil aspernatur non fugiat voluptates reprehenderit dolore eveniet numquam.', 1, '2019-12-05 08:00:59', '2019-12-05 08:00:59'),
(183, 90, 'Malinda Gutkowski', 'Eius iure natus debitis magni consequatur. Et rem in perferendis iusto placeat. Aspernatur ullam soluta itaque iusto facilis. Blanditiis ut autem ut praesentium animi aliquid sunt.', 0, '2019-12-05 08:00:59', '2019-12-05 08:00:59'),
(184, 6, 'Carley Dooley', 'Repellat optio unde eos. Minus voluptatem incidunt voluptatem id ut provident. Accusantium dolorem voluptatibus et quia.', 2, '2019-12-05 08:00:59', '2019-12-05 08:00:59'),
(185, 56, 'Miss Maia Hermiston', 'Odio natus qui qui qui qui neque. Explicabo error quos ullam enim odit quae.', 1, '2019-12-05 08:00:59', '2019-12-05 08:00:59'),
(186, 1, 'Aylin Hartmann', 'Sunt repudiandae facere officia ut sequi consequuntur. Perspiciatis assumenda ut molestias recusandae porro dolores voluptas. Voluptate omnis vero quas error dolore.', 5, '2019-12-05 08:00:59', '2019-12-05 08:00:59'),
(187, 9, 'Mariela Parisian', 'Vel praesentium nobis est rem modi. Minus est a reprehenderit in. Dicta aut quidem et totam qui culpa ipsam consequatur.', 4, '2019-12-05 08:00:59', '2019-12-05 08:00:59'),
(188, 31, 'Isai Legros', 'Enim voluptate nesciunt nostrum. Blanditiis est pariatur facere possimus voluptatum quam aut. Ducimus incidunt quae repudiandae et praesentium. Sit nihil ut voluptas dicta et fugiat.', 2, '2019-12-05 08:00:59', '2019-12-05 08:00:59'),
(189, 15, 'Kamryn Rath', 'Non ullam quo illo unde voluptate. Dolor odit nam velit eaque temporibus. Dolorem voluptatem laboriosam vel. Non omnis quia deserunt dolorem quasi nihil assumenda.', 4, '2019-12-05 08:00:59', '2019-12-05 08:00:59'),
(190, 86, 'Logan Daniel', 'Et in doloremque et quas sit quis at. Ea eos optio consequatur veritatis nostrum laudantium. Laborum et dolores sed.', 3, '2019-12-05 08:00:59', '2019-12-05 08:00:59'),
(191, 9, 'Eudora Ullrich', 'Aut velit sit consequatur atque. Nisi at accusantium dolor quia praesentium aut est. Quo possimus id ea.', 4, '2019-12-05 08:00:59', '2019-12-05 08:00:59'),
(192, 49, 'Dr. Winston Goldner IV', 'Et odio eaque vero deserunt ullam omnis. Maxime eos dolores hic quibusdam quia facere illum. Sed molestias et ipsam voluptas.', 1, '2019-12-05 08:00:59', '2019-12-05 08:00:59'),
(193, 28, 'Devyn Hessel', 'Aperiam voluptas numquam asperiores occaecati. Optio recusandae qui itaque fugiat. Recusandae iusto dicta ipsa ipsa dicta iure vel. Tenetur rerum totam vitae omnis.', 1, '2019-12-05 08:00:59', '2019-12-05 08:00:59'),
(194, 2, 'Madison Gleichner', 'Quis ex id officiis est. Modi beatae aperiam qui odit. Recusandae saepe et iure nemo veritatis est et. Iusto architecto id fugit eum et temporibus.', 4, '2019-12-05 08:00:59', '2019-12-05 08:00:59'),
(195, 40, 'Ms. Gerry Pouros', 'Quia eius alias ex. Non quia nesciunt incidunt laboriosam et ut. Ea error totam in recusandae quam voluptatem rerum. Quasi pariatur nihil asperiores accusantium neque.', 1, '2019-12-05 08:00:59', '2019-12-05 08:00:59'),
(196, 72, 'Benedict Christiansen', 'Occaecati voluptatum itaque quisquam velit fugit dolorum earum. Eum at aliquam quasi et minus quia iure. Sed corporis inventore magnam ex itaque optio aliquam.', 1, '2019-12-05 08:00:59', '2019-12-05 08:00:59'),
(197, 72, 'Jason Hermann', 'Voluptates placeat dignissimos blanditiis sed molestiae. Dicta voluptatibus et a sed. Sit ut quo incidunt.', 4, '2019-12-05 08:00:59', '2019-12-05 08:00:59'),
(198, 56, 'Xzavier Toy', 'Vel eligendi praesentium occaecati provident alias sunt omnis. Sit non voluptas provident dolor ratione non. Delectus et ratione voluptates voluptatem. Temporibus error provident est.', 5, '2019-12-05 08:00:59', '2019-12-05 08:00:59'),
(199, 11, 'Herta Jones', 'Est laudantium modi tempora libero nihil. Incidunt suscipit et eum. Non at et distinctio omnis.', 3, '2019-12-05 08:00:59', '2019-12-05 08:00:59'),
(200, 91, 'Ray Schamberger', 'Deserunt enim est consequatur et. Molestiae eum adipisci ut est dicta ut libero tempora. Nihil repellat laborum ea quod mollitia est eius velit. Occaecati deleniti et sit qui officia beatae ratione autem.', 4, '2019-12-05 08:00:59', '2019-12-05 08:00:59'),
(201, 96, 'Nicola Shanahan', 'Enim quaerat eius temporibus consectetur ratione consequatur. Voluptatem dolores earum consequatur ullam et vel qui totam. Ex pariatur totam qui quo.', 1, '2019-12-05 08:00:59', '2019-12-05 08:00:59'),
(202, 26, 'Dr. Linda Bartoletti', 'Perferendis pariatur quia quisquam. Dolore omnis necessitatibus omnis aut ut magni aperiam aspernatur.', 4, '2019-12-05 08:00:59', '2019-12-05 08:00:59'),
(203, 94, 'Dr. Ole Gottlieb', 'Dignissimos qui sunt omnis aliquam laudantium eum. Exercitationem dolores non dolores.', 5, '2019-12-05 08:00:59', '2019-12-05 08:00:59'),
(204, 37, 'Dr. Devon Rowe', 'Ea sequi dolorem laudantium dolores. Est et enim voluptas fugiat amet est autem. Voluptas magni aut iste molestiae animi debitis. Beatae mollitia necessitatibus repellat quos expedita expedita.', 4, '2019-12-05 08:00:59', '2019-12-05 08:00:59'),
(205, 8, 'Dr. Hayden Cormier', 'Impedit aut omnis facere in et autem et. Sed recusandae doloremque dolor dolore error provident. Temporibus aut magni dignissimos explicabo. Alias earum sit ea.', 3, '2019-12-05 08:00:59', '2019-12-05 08:00:59'),
(206, 25, 'Greyson Crona', 'Inventore praesentium corporis aut laudantium eaque cupiditate. Sapiente qui qui ducimus ratione rerum doloremque ducimus cupiditate. Totam nihil temporibus ut ullam. Autem nemo dolores et ex enim perspiciatis temporibus.', 0, '2019-12-05 08:00:59', '2019-12-05 08:00:59'),
(207, 19, 'Ofelia Moen', 'Ut perferendis incidunt voluptatem eum. Eaque ea hic molestiae cumque provident. Et laudantium et voluptatem provident voluptatum ipsam iste minus. Repudiandae reiciendis hic molestiae consequatur.', 4, '2019-12-05 08:00:59', '2019-12-05 08:00:59'),
(208, 8, 'Reyna Sauer', 'Est natus culpa eos aut. Quidem consequatur cupiditate nemo molestiae. Qui nisi quam eius veritatis perferendis magni.', 2, '2019-12-05 08:00:59', '2019-12-05 08:00:59'),
(209, 7, 'Hector Donnelly II', 'Asperiores est quis veniam consequuntur mollitia delectus. Doloribus in et laudantium iure aut qui eos. Eum odit voluptatem aut.', 4, '2019-12-05 08:00:59', '2019-12-05 08:00:59'),
(210, 51, 'Tatum Bogan', 'Recusandae doloribus recusandae ut inventore eum. Aut nihil doloremque illum laborum non iure. At odit officiis dicta earum. Non omnis eligendi commodi est.', 4, '2019-12-05 08:00:59', '2019-12-05 08:00:59'),
(211, 16, 'Mr. Kraig Kub', 'Rerum perferendis sunt quod quaerat suscipit. Et quas aut harum architecto unde. Repellat nesciunt quam nesciunt cupiditate earum. Accusantium illo doloribus excepturi. Vitae sed nihil natus dolor.', 2, '2019-12-05 08:00:59', '2019-12-05 08:00:59'),
(212, 6, 'Jaycee Schultz', 'Sint unde tenetur natus sapiente. Error et qui inventore veritatis expedita optio est esse. Et reprehenderit debitis pariatur ipsa ea laboriosam quaerat esse.', 4, '2019-12-05 08:00:59', '2019-12-05 08:00:59');
INSERT INTO `reviews` (`id`, `product_id`, `customer`, `review`, `star`, `created_at`, `updated_at`) VALUES
(213, 43, 'Merle Becker', 'A quibusdam enim aut ut et. Assumenda placeat eum cupiditate aut blanditiis rerum. Ut facere sint cum expedita.', 0, '2019-12-05 08:00:59', '2019-12-05 08:00:59'),
(214, 77, 'Kacie Farrell', 'Delectus eveniet vitae voluptas et incidunt nisi consequuntur ratione. Maiores vel harum et aut. Aliquam aut facilis hic nemo totam. Excepturi expedita sunt in ullam autem ut. Sed et tempora suscipit ipsum dolores quam vel.', 4, '2019-12-05 08:00:59', '2019-12-05 08:00:59'),
(215, 65, 'Heber Kunze DDS', 'Voluptatum vel perferendis ab ut ea et voluptas facere. Iure quod unde quas omnis. Earum itaque facere et qui. Voluptatem eum enim et corporis facilis numquam.', 1, '2019-12-05 08:00:59', '2019-12-05 08:00:59'),
(216, 90, 'Mrs. Lilliana Ruecker DDS', 'Excepturi rerum ut possimus et. Corporis dicta quidem pariatur ut enim amet officia. Et doloribus et corrupti. Aliquid quia aut sit est provident pariatur.', 5, '2019-12-05 08:00:59', '2019-12-05 08:00:59'),
(217, 93, 'Candice Heller PhD', 'Quia aut officia et in. Ab qui enim consequatur suscipit molestias. Atque in voluptatem perferendis voluptate. Voluptatem atque maiores aliquam alias sed.', 2, '2019-12-05 08:00:59', '2019-12-05 08:00:59'),
(218, 49, 'Mrs. Amara Ortiz', 'Fugiat dolorum qui exercitationem ratione similique. Sit sit vel voluptates. Ut asperiores aspernatur sit nostrum. Perspiciatis possimus eum quidem officiis.', 2, '2019-12-05 08:00:59', '2019-12-05 08:00:59'),
(219, 83, 'Marilyne Halvorson', 'Quia aut et rem eum soluta perspiciatis culpa. Laborum vel voluptatem reprehenderit et. Est voluptas dolorem corrupti. Ducimus sed ea corporis velit commodi.', 1, '2019-12-05 08:00:59', '2019-12-05 08:00:59'),
(220, 97, 'Cullen Russel', 'Iure inventore tempore commodi enim repudiandae officia provident aperiam. Soluta ut qui non error aut ducimus voluptates. Necessitatibus numquam accusantium harum dolore nesciunt. Et tempora maxime voluptatem ea perspiciatis omnis occaecati.', 3, '2019-12-05 08:00:59', '2019-12-05 08:00:59'),
(221, 6, 'Howell Ward', 'Eveniet molestiae reiciendis cum. Incidunt sit sunt tempora. Atque voluptatem quam aut minima porro at nulla. Cum culpa iusto sit aspernatur voluptatem et.', 3, '2019-12-05 08:00:59', '2019-12-05 08:00:59'),
(222, 5, 'Ms. Marion King', 'Iste fuga cum quas temporibus temporibus iusto iure. Eum temporibus quia ipsum quidem. Accusamus natus est excepturi consequatur ut doloremque. Aut ex reiciendis dolores autem dolorem. Non earum laboriosam delectus facilis omnis accusamus eveniet.', 3, '2019-12-05 08:00:59', '2019-12-05 08:00:59'),
(223, 50, 'Dr. Antwan Sporer', 'Eos voluptas quasi ratione recusandae iusto voluptas. Ratione nulla quas quidem vitae minus quo est. Ut ad qui magni molestiae cumque voluptatum voluptate. Rerum qui aut recusandae ea dolorem optio.', 2, '2019-12-05 08:00:59', '2019-12-05 08:00:59'),
(224, 78, 'Salvatore Tremblay', 'Corrupti suscipit repellat magni aliquam corporis. Animi nisi eligendi commodi eum quia. Porro rerum fugiat similique sunt vel voluptatem.', 0, '2019-12-05 08:00:59', '2019-12-05 08:00:59'),
(225, 87, 'Mrs. Jacquelyn Lakin PhD', 'Dolore consequatur quidem libero laudantium voluptas. Et aut modi corrupti alias ex. Quo est odio doloribus cupiditate expedita deserunt. Architecto in ea dolor est.', 0, '2019-12-05 08:00:59', '2019-12-05 08:00:59'),
(226, 70, 'Garrison Prohaska', 'Sunt at culpa et. Ipsa nisi odio in debitis non. Numquam necessitatibus ut minus amet provident occaecati sunt recusandae. Illo rem et maiores at cupiditate nobis unde.', 1, '2019-12-05 08:00:59', '2019-12-05 08:00:59'),
(227, 24, 'Maggie Anderson I', 'Reiciendis quos occaecati modi ut accusantium mollitia voluptas ipsum. Dolores alias aut assumenda ea. Atque mollitia numquam et veritatis officiis a id provident.', 4, '2019-12-05 08:00:59', '2019-12-05 08:00:59'),
(228, 79, 'Jayson Tromp', 'Illo deleniti quibusdam placeat. Qui hic nam cumque distinctio qui.', 4, '2019-12-05 08:00:59', '2019-12-05 08:00:59'),
(229, 95, 'Althea Mertz MD', 'Ut sit eum iure facere. Veniam officiis reprehenderit voluptatem totam vitae nihil deserunt assumenda. Quia eos ab molestias assumenda repellendus voluptatibus. Sit voluptatem qui impedit.', 4, '2019-12-05 08:00:59', '2019-12-05 08:00:59'),
(230, 19, 'Franz Stark', 'Quam iste necessitatibus incidunt omnis veniam dolorem. Placeat soluta nihil nesciunt dolorem. Et ipsa in hic velit voluptatum sed. Voluptatem quidem totam nisi.', 3, '2019-12-05 08:00:59', '2019-12-05 08:00:59'),
(231, 6, 'Kristian Dare', 'Et soluta expedita expedita consequatur. Distinctio dolor itaque vitae qui. Expedita saepe dolores aspernatur recusandae quis laboriosam suscipit qui. Laboriosam autem deserunt et.', 5, '2019-12-05 08:00:59', '2019-12-05 08:00:59'),
(232, 70, 'Prof. Cleta Kshlerin II', 'Suscipit vel dolore alias modi expedita deserunt. Temporibus consequatur impedit deserunt rerum et molestiae beatae. Natus omnis et delectus omnis animi nulla eum. Ullam aut sit accusamus non.', 2, '2019-12-05 08:00:59', '2019-12-05 08:00:59'),
(233, 45, 'Mikayla Walker I', 'Vitae quia quia culpa adipisci totam. Amet explicabo beatae rem nulla enim sed. Aut deleniti enim voluptas optio nam corrupti. Ea omnis voluptatem corporis vel velit amet. Eum fuga alias assumenda magni eum id perspiciatis.', 5, '2019-12-05 08:00:59', '2019-12-05 08:00:59'),
(234, 60, 'Dr. Hannah Kirlin PhD', 'Dolore nihil perspiciatis vel optio doloremque minus. Aut autem quae autem qui perspiciatis velit. Nihil aut earum nulla.', 4, '2019-12-05 08:00:59', '2019-12-05 08:00:59'),
(235, 64, 'Cheyenne Bruen III', 'Neque eum voluptatem enim distinctio est est aut. Rerum placeat amet qui. Dolore aut soluta vel laboriosam eligendi quam sed occaecati. Cum distinctio labore sint qui incidunt.', 2, '2019-12-05 08:00:59', '2019-12-05 08:00:59'),
(236, 64, 'Miss Pearlie Halvorson PhD', 'Odit alias sapiente possimus est eius aut odio. Minus quisquam porro illo facilis velit. Minima est velit quos hic.', 4, '2019-12-05 08:00:59', '2019-12-05 08:00:59'),
(237, 100, 'Glennie Orn IV', 'Cum pariatur molestiae provident ad distinctio nihil fugiat. In neque doloribus vero molestiae omnis doloremque. Ut voluptatum necessitatibus et autem enim.', 0, '2019-12-05 08:00:59', '2019-12-05 08:00:59'),
(238, 51, 'Selmer Hill', 'Sit est aliquam velit tenetur doloremque optio deserunt neque. Delectus et laborum quasi occaecati neque consequatur accusantium. Illo voluptas odio autem unde quasi.', 2, '2019-12-05 08:00:59', '2019-12-05 08:00:59'),
(239, 74, 'Viola Bergnaum', 'Illum laboriosam perspiciatis quod est. Rerum qui repudiandae eaque unde eos voluptatem. Sapiente in ut non reprehenderit. Qui voluptatum quas et iusto facilis.', 5, '2019-12-05 08:00:59', '2019-12-05 08:00:59'),
(240, 10, 'Prof. Terry Muller MD', 'Eius reiciendis eveniet eum aut. Sequi est porro culpa commodi aperiam sint repudiandae. Nulla sint hic error magnam. Cupiditate numquam modi sunt ut ut.', 2, '2019-12-05 08:00:59', '2019-12-05 08:00:59'),
(241, 11, 'Mrs. Ruthie Huel', 'Corrupti et ullam quia suscipit qui. Et voluptatem omnis rem excepturi aut distinctio voluptate. Qui omnis natus dicta quod consectetur sint. Quae officia officiis illo maxime vel dolores eos qui.', 4, '2019-12-05 08:00:59', '2019-12-05 08:00:59'),
(242, 98, 'Dr. Chase Cummings', 'Et odit voluptatem quos consequuntur. Molestiae ipsum assumenda animi distinctio maiores nesciunt aut.', 3, '2019-12-05 08:00:59', '2019-12-05 08:00:59'),
(243, 68, 'Dr. Blaze Satterfield V', 'Dolore dicta omnis expedita nihil sint quia hic. Eos ut facere ea voluptatum vel consequatur vero. Non tempore facilis molestiae. Laboriosam doloremque et tenetur consequuntur ipsam aut.', 0, '2019-12-05 08:00:59', '2019-12-05 08:00:59'),
(244, 88, 'Monte Goyette', 'Repellendus nihil aspernatur enim. Error omnis qui error aut quia. Aut dolorem neque unde laudantium. Sunt expedita odit est officia rerum reprehenderit minima vitae.', 3, '2019-12-05 08:00:59', '2019-12-05 08:00:59'),
(245, 25, 'Stone Swift IV', 'Quod omnis recusandae quia doloribus nisi enim autem. Dolore dolores possimus voluptate et nemo.', 1, '2019-12-05 08:00:59', '2019-12-05 08:00:59'),
(246, 10, 'Miss Kari Pouros', 'Sit qui minima iste doloremque. Deleniti ut vel magnam expedita consequuntur libero excepturi. Aperiam aut quidem consequatur ullam qui magnam excepturi.', 3, '2019-12-05 08:00:59', '2019-12-05 08:00:59'),
(247, 57, 'Maci Hoppe', 'Velit fugit dolores deleniti quis fugiat amet eveniet. Voluptate qui ipsam voluptatum id. Qui qui debitis perspiciatis at ducimus. Dolore ratione ut doloribus adipisci assumenda. Error at nemo voluptatum laudantium.', 0, '2019-12-05 08:00:59', '2019-12-05 08:00:59'),
(248, 96, 'Mervin Lakin', 'Commodi et similique illo sint voluptatibus deleniti nulla. Qui perspiciatis qui cupiditate eveniet praesentium dolore. Ex ab voluptatem aut.', 2, '2019-12-05 08:00:59', '2019-12-05 08:00:59'),
(249, 2, 'Jayson Larkin', 'Beatae et quia sunt harum consectetur. Iusto ea unde et et sit. Placeat et fugit dolorem dolore in ex. Adipisci praesentium pariatur quia at ut doloremque.', 0, '2019-12-05 08:00:59', '2019-12-05 08:00:59'),
(250, 70, 'Muriel Hill', 'Illum fugiat reiciendis sint non non consequatur sed. Est aliquid facere alias. Vitae animi fugit perspiciatis et adipisci. Sunt fuga voluptatem totam quas et illo excepturi.', 2, '2019-12-05 08:00:59', '2019-12-05 08:00:59'),
(251, 25, 'Prof. Cade Streich', 'Aut veritatis aliquid enim placeat fugiat consequatur impedit. Hic veniam ea ut ad qui sint. Exercitationem odit fugiat delectus ducimus.', 3, '2019-12-05 08:00:59', '2019-12-05 08:00:59'),
(252, 20, 'Prof. Granville Welch MD', 'Earum dolore et alias porro eos reiciendis in. Eos deleniti illo eos tempore. Qui eligendi sit commodi. Aut eos et doloremque.', 3, '2019-12-05 08:00:59', '2019-12-05 08:00:59'),
(253, 82, 'Charlotte White', 'Vel vitae et aut laboriosam. Sapiente rerum enim dolor quasi quia quidem exercitationem. Sint quia in corporis illum rerum ipsam. Rerum voluptatem est voluptas a.', 2, '2019-12-05 08:00:59', '2019-12-05 08:00:59'),
(254, 92, 'Dr. Eleanora Marks', 'Corrupti a dolores doloremque voluptatum enim repellendus laborum enim. Vel qui quo et in delectus dolorem harum. Id veniam labore voluptatem aut unde tenetur. Excepturi eos omnis consequuntur expedita.', 5, '2019-12-05 08:00:59', '2019-12-05 08:00:59'),
(255, 73, 'Tracy Kling', 'Aut sint totam incidunt aliquam autem et. Veritatis est aut nostrum omnis. Quaerat praesentium sit commodi magni. Voluptas id sunt et adipisci quo. Deleniti temporibus quia asperiores assumenda.', 1, '2019-12-05 08:00:59', '2019-12-05 08:00:59'),
(256, 98, 'Jadon King Sr.', 'Quae illo nihil ex itaque. Omnis deserunt ipsam tempora cumque odio autem. Sapiente dolor voluptatum voluptatem explicabo eligendi cupiditate. Dolores voluptatibus voluptatum enim ducimus ad voluptatibus. Quaerat id ea et tempora facere quae est.', 0, '2019-12-05 08:00:59', '2019-12-05 08:00:59'),
(257, 87, 'Prof. Abby Hickle I', 'Consequatur hic deleniti temporibus facilis omnis. Eos ullam sed rerum quia rem rem. Animi quia aliquam et aut.', 2, '2019-12-05 08:00:59', '2019-12-05 08:00:59'),
(258, 34, 'Prof. Juvenal Welch I', 'Odit ut aut blanditiis ut nihil. Nam quia dicta assumenda. Deleniti perferendis autem voluptas officia nisi sed et.', 5, '2019-12-05 08:00:59', '2019-12-05 08:00:59'),
(259, 23, 'Madge Borer', 'Doloribus et placeat ut ea. Perferendis animi quod perferendis eum. Dolor libero voluptatem accusantium voluptatem voluptas quae quis. Voluptas eius aut aperiam qui neque aperiam explicabo.', 1, '2019-12-05 08:00:59', '2019-12-05 08:00:59'),
(260, 28, 'Brando Corkery', 'Dolorum alias doloribus maxime. Voluptas dolorem dolorem quo ea. Sunt qui tenetur inventore qui sit est vel nihil. Veritatis cupiditate est ea est.', 1, '2019-12-05 08:00:59', '2019-12-05 08:00:59'),
(261, 87, 'Mrs. Mabel Leuschke', 'Nisi itaque a voluptatem commodi tempore magni et. Maiores exercitationem sit consequatur quia molestias reprehenderit. Voluptatem sed tempore dolores expedita qui ad itaque.', 1, '2019-12-05 08:00:59', '2019-12-05 08:00:59'),
(262, 41, 'Brayan Kovacek', 'Quos ipsa nobis ab maxime esse eos perspiciatis. Ut ipsam illo dolore ad corrupti ipsum. Numquam laborum veniam sit libero vero. Pariatur quia possimus nihil beatae nulla.', 2, '2019-12-05 08:00:59', '2019-12-05 08:00:59'),
(263, 1, 'Caroline Bergstrom', 'Sed adipisci labore et iusto. Accusantium consequatur esse odio quos est dolor dolore consequatur. Quisquam magni nobis in nobis magni.', 5, '2019-12-05 08:00:59', '2019-12-05 08:00:59'),
(264, 13, 'Esmeralda Jakubowski', 'Aut eum molestiae quia est commodi. Quia et recusandae aliquam qui. Libero amet consectetur nostrum. Nobis sequi qui in similique consequatur nam.', 2, '2019-12-05 08:00:59', '2019-12-05 08:00:59'),
(265, 10, 'Mr. Ceasar Abbott Sr.', 'Ut ut necessitatibus velit repellat. Dolorem sunt suscipit totam corrupti ab accusantium consectetur. Hic odio eius et voluptatibus quia vitae. Ea aspernatur dignissimos molestiae qui sapiente vero ut laborum. Sapiente fuga modi ut suscipit quaerat aperiam.', 5, '2019-12-05 08:00:59', '2019-12-05 08:00:59'),
(266, 59, 'Chelsie Kuhlman', 'Quia nihil laudantium odio. Maxime aliquid commodi eligendi beatae unde. Vitae aut aperiam accusamus dolores doloribus quisquam vel. Libero ut commodi accusantium neque omnis nostrum illum quasi.', 0, '2019-12-05 08:00:59', '2019-12-05 08:00:59'),
(267, 70, 'Marilou Bergstrom II', 'Minima modi non porro occaecati dolorum maiores doloribus. Quia libero dolores animi quia nulla ut. Repudiandae vero laborum velit alias esse eos sed nulla.', 4, '2019-12-05 08:00:59', '2019-12-05 08:00:59'),
(268, 49, 'Mr. Godfrey King V', 'Porro quis rerum est perspiciatis. Molestiae et aut dolor eligendi laborum aut reiciendis. Reprehenderit blanditiis laudantium et alias quos. Iste nesciunt facere nostrum ipsam repellendus rerum.', 0, '2019-12-05 08:00:59', '2019-12-05 08:00:59'),
(269, 45, 'Vada Dietrich', 'Cumque omnis incidunt eveniet in rerum et. Possimus labore eaque et ipsa et odio.', 3, '2019-12-05 08:00:59', '2019-12-05 08:00:59'),
(270, 32, 'Lois Lynch DDS', 'Quibusdam animi voluptatem non et corrupti molestiae esse. Possimus enim aperiam est veniam ut aut et perferendis. Qui in dolorum reiciendis quidem natus cum rerum. Repellat labore ratione voluptas suscipit quam et eos. Saepe sed aut enim dolore inventore aut est.', 0, '2019-12-05 08:00:59', '2019-12-05 08:00:59'),
(271, 56, 'Fatima Rice IV', 'Fugiat ut et quidem est aut repellendus veniam impedit. Autem veniam sit cum et. Aut iure ut adipisci temporibus rerum nobis. Culpa in atque eos sapiente.', 2, '2019-12-05 08:00:59', '2019-12-05 08:00:59'),
(272, 33, 'Prof. Einar Zieme', 'Aut tempora et beatae sint. Enim consequatur et est minima. Quia est est est iure asperiores in error. Commodi beatae eveniet praesentium laborum non.', 5, '2019-12-05 08:00:59', '2019-12-05 08:00:59'),
(273, 48, 'Clay Terry MD', 'Explicabo sequi quia quia dolore aperiam. Praesentium et veritatis ducimus quia nam. Et non temporibus cupiditate dolorum nihil praesentium. Fugiat ipsa et tempore provident aliquam consectetur voluptas.', 5, '2019-12-05 08:00:59', '2019-12-05 08:00:59'),
(274, 4, 'Tatum Stark DVM', 'Dolore accusamus voluptatem voluptatem ad. Quisquam nihil consequatur aliquam consequuntur quam sunt. Dicta rerum similique tempora odio saepe molestiae cum.', 5, '2019-12-05 08:00:59', '2019-12-05 08:00:59'),
(275, 36, 'Margaret Schinner', 'Sint itaque non dolore maxime aut. Exercitationem quis sunt et. Incidunt ab commodi tenetur dignissimos.', 0, '2019-12-05 08:00:59', '2019-12-05 08:00:59'),
(276, 53, 'Joany Watsica', 'Ducimus qui officiis dolor odio dolorem et. Blanditiis dolorum sit in est amet. Beatae omnis et nemo. At dolor dolore voluptatem quas.', 3, '2019-12-05 08:00:59', '2019-12-05 08:00:59'),
(277, 66, 'Gloria Schmeler', 'Debitis at fugit ducimus corporis. Molestiae facilis dolor molestias voluptatem. Qui aut pariatur quasi enim accusamus qui. Qui vitae soluta vero voluptatum.', 2, '2019-12-05 08:00:59', '2019-12-05 08:00:59'),
(278, 23, 'Terrell Klocko', 'Laboriosam atque dolorum ut adipisci et enim voluptas. Dolore suscipit ab assumenda.', 4, '2019-12-05 08:00:59', '2019-12-05 08:00:59'),
(279, 14, 'Lera Mosciski', 'Sed et iste rerum accusamus. A officiis animi dolorem perferendis corrupti nihil. Mollitia ut consequatur enim necessitatibus. Aut deleniti ipsam repellendus in velit porro.', 2, '2019-12-05 08:00:59', '2019-12-05 08:00:59'),
(280, 69, 'Marcos Ruecker', 'Quod dolores perspiciatis atque quis temporibus doloribus repellendus. Ipsam sit est repudiandae id rerum. Pariatur fuga est omnis.', 2, '2019-12-05 08:00:59', '2019-12-05 08:00:59'),
(281, 100, 'Alphonso Mante', 'Ratione dolores quaerat nam rerum voluptatem dolor. Illum eos qui sint impedit repudiandae. Dicta eos occaecati autem nihil.', 3, '2019-12-05 08:00:59', '2019-12-05 08:00:59'),
(282, 68, 'Aaron Boyer', 'Aut cumque qui deserunt eos vel molestiae. Tempore quidem dolore consequatur voluptatum suscipit quisquam corrupti libero. Delectus natus ipsum voluptatem praesentium quia.', 4, '2019-12-05 08:00:59', '2019-12-05 08:00:59'),
(283, 5, 'Cale Robel', 'Enim explicabo voluptatem magni exercitationem et dolorem et. Et earum qui eligendi provident atque. Ex non dolores dolor dolor ut nesciunt. Blanditiis assumenda ratione deserunt quo sint et. Neque deserunt et quo ut possimus et minima nesciunt.', 2, '2019-12-05 08:00:59', '2019-12-05 08:00:59'),
(284, 64, 'Leta Spinka', 'Non optio ducimus animi ut. Nihil voluptatem et modi. Aut laboriosam atque ipsam.', 5, '2019-12-05 08:00:59', '2019-12-05 08:00:59'),
(285, 77, 'Teresa Rohan', 'Dignissimos et quia minima ullam illo. Quis sit sit unde tempora ut. Nam cum et necessitatibus officiis.', 4, '2019-12-05 08:00:59', '2019-12-05 08:00:59'),
(286, 98, 'Abigale Murazik', 'Assumenda aspernatur fuga qui sunt repellat. Temporibus cum non hic. Ipsum molestiae sit ex optio atque.', 3, '2019-12-05 08:00:59', '2019-12-05 08:00:59'),
(287, 35, 'Alexandro Cummings', 'Voluptas voluptatibus sapiente id explicabo repellat sit nulla. Veniam aut voluptas laudantium fugiat. Et quia corrupti sit vero doloribus doloribus assumenda eaque. Quaerat nemo quia sequi aspernatur et error. Cupiditate deserunt sunt cupiditate.', 5, '2019-12-05 08:00:59', '2019-12-05 08:00:59'),
(288, 26, 'Rowland Auer', 'Maxime facere accusantium ipsam assumenda omnis. Consequatur ut qui architecto quasi et. Amet nihil in sapiente dolore qui ut sequi. Aut reiciendis dolorem ratione ab enim qui.', 2, '2019-12-05 08:00:59', '2019-12-05 08:00:59'),
(289, 40, 'Dr. Floyd Grimes V', 'Laboriosam sit fugit qui pariatur inventore nisi harum. Architecto dolores ea veniam. Officiis velit deleniti magnam occaecati officiis. Deserunt natus facilis ad ducimus.', 5, '2019-12-05 08:00:59', '2019-12-05 08:00:59'),
(290, 60, 'Zander Bednar V', 'Pariatur voluptatem eum occaecati id. Sunt voluptas magni ratione.', 1, '2019-12-05 08:00:59', '2019-12-05 08:00:59'),
(291, 60, 'Marilou Cormier', 'Velit neque nemo earum enim odio delectus. Voluptatem nulla reprehenderit officia delectus illo. Qui dicta dolorem eaque aperiam asperiores suscipit.', 0, '2019-12-05 08:00:59', '2019-12-05 08:00:59'),
(292, 19, 'Tianna Mayer', 'Qui modi quam vitae est quas a commodi. Est amet sunt et et. Ad perspiciatis sint aut laborum impedit tempora.', 3, '2019-12-05 08:00:59', '2019-12-05 08:00:59'),
(293, 42, 'Fiona Kulas', 'Accusamus reprehenderit qui dignissimos eos soluta dicta accusantium. Velit tenetur reprehenderit molestias mollitia aspernatur voluptatem. Quia architecto iste sint itaque laboriosam nam.', 4, '2019-12-05 08:00:59', '2019-12-05 08:00:59'),
(294, 7, 'Prof. Cletus Lakin PhD', 'Dolores commodi est cumque impedit esse repudiandae. Et occaecati optio ad repellat beatae quo. Saepe voluptas aut velit. Aut animi doloribus quo ut. Repellat quia harum quis eos deleniti et dolorem.', 0, '2019-12-05 08:00:59', '2019-12-05 08:00:59'),
(295, 22, 'Leilani Marquardt', 'Fuga earum sint sunt dolorem ad amet quam. Perspiciatis autem laborum voluptatem laboriosam saepe. Sint porro distinctio quis amet inventore beatae. Blanditiis officiis amet id nulla voluptas aut.', 2, '2019-12-05 08:00:59', '2019-12-05 08:00:59'),
(296, 52, 'Royal Steuber', 'Nam hic dolor voluptas vitae dolores beatae. Doloremque est dolores possimus corrupti. Quis explicabo at rerum. Maxime beatae quibusdam doloribus modi quis mollitia asperiores.', 4, '2019-12-05 08:00:59', '2019-12-05 08:00:59'),
(297, 54, 'Howard Anderson II', 'Molestias nam vel sunt explicabo doloremque sapiente et. Perspiciatis officiis odit praesentium cum aperiam consectetur id. Maiores quia velit odit fuga itaque. Dolor hic sint repellendus non officiis expedita sunt est.', 0, '2019-12-05 08:00:59', '2019-12-05 08:00:59'),
(298, 31, 'Jess Stoltenberg', 'Quibusdam cum voluptate ut velit. Non officia sed animi eius. Fugiat enim non nostrum ut impedit officiis nostrum.', 2, '2019-12-05 08:00:59', '2019-12-05 08:00:59'),
(299, 44, 'Mrs. Edwina Wolff', 'Non quia aut alias. Omnis provident atque eligendi delectus. Quia perferendis ratione et debitis natus esse. Sit adipisci dolore inventore et ullam ex magni sapiente. Quia commodi dicta tenetur voluptates aperiam molestias.', 2, '2019-12-05 08:00:59', '2019-12-05 08:00:59'),
(300, 30, 'Delta Bruen', 'Et et omnis vero voluptas illum accusamus laudantium. Dolorem quo blanditiis earum nesciunt et sed.', 3, '2019-12-05 08:00:59', '2019-12-05 08:00:59');

-- --------------------------------------------------------

--
-- Table structure for table `users`
--

CREATE TABLE `users` (
  `id` bigint(20) UNSIGNED NOT NULL,
  `name` varchar(255) COLLATE utf8mb4_unicode_ci NOT NULL,
  `email` varchar(255) COLLATE utf8mb4_unicode_ci NOT NULL,
  `email_verified_at` timestamp NULL DEFAULT NULL,
  `password` varchar(255) COLLATE utf8mb4_unicode_ci NOT NULL,
  `remember_token` varchar(100) COLLATE utf8mb4_unicode_ci DEFAULT NULL,
  `created_at` timestamp NULL DEFAULT NULL,
  `updated_at` timestamp NULL DEFAULT NULL
) ENGINE=InnoDB DEFAULT CHARSET=utf8mb4 COLLATE=utf8mb4_unicode_ci;

--
-- Indexes for dumped tables
--

--
-- Indexes for table `migrations`
--
ALTER TABLE `migrations`
  ADD PRIMARY KEY (`id`);

--
-- Indexes for table `password_resets`
--
ALTER TABLE `password_resets`
  ADD KEY `password_resets_email_index` (`email`);

--
-- Indexes for table `products`
--
ALTER TABLE `products`
  ADD PRIMARY KEY (`id`);

--
-- Indexes for table `reviews`
--
ALTER TABLE `reviews`
  ADD PRIMARY KEY (`id`),
  ADD KEY `reviews_product_id_index` (`product_id`);

--
-- Indexes for table `users`
--
ALTER TABLE `users`
  ADD PRIMARY KEY (`id`),
  ADD UNIQUE KEY `users_email_unique` (`email`);

--
-- AUTO_INCREMENT for dumped tables
--

--
-- AUTO_INCREMENT for table `migrations`
--
ALTER TABLE `migrations`
  MODIFY `id` int(10) UNSIGNED NOT NULL AUTO_INCREMENT, AUTO_INCREMENT=5;

--
-- AUTO_INCREMENT for table `products`
--
ALTER TABLE `products`
  MODIFY `id` int(10) UNSIGNED NOT NULL AUTO_INCREMENT, AUTO_INCREMENT=101;

--
-- AUTO_INCREMENT for table `reviews`
--
ALTER TABLE `reviews`
  MODIFY `id` int(10) UNSIGNED NOT NULL AUTO_INCREMENT, AUTO_INCREMENT=301;

--
-- AUTO_INCREMENT for table `users`
--
ALTER TABLE `users`
  MODIFY `id` bigint(20) UNSIGNED NOT NULL AUTO_INCREMENT;

--
-- Constraints for dumped tables
--

--
-- Constraints for table `reviews`
--
ALTER TABLE `reviews`
  ADD CONSTRAINT `reviews_product_id_foreign` FOREIGN KEY (`product_id`) REFERENCES `products` (`id`) ON DELETE CASCADE;
COMMIT;

/*!40101 SET CHARACTER_SET_CLIENT=@OLD_CHARACTER_SET_CLIENT */;
/*!40101 SET CHARACTER_SET_RESULTS=@OLD_CHARACTER_SET_RESULTS */;
/*!40101 SET COLLATION_CONNECTION=@OLD_COLLATION_CONNECTION */;
